image_filename,speed,steering,throttle,brake
229227.png,2.940000295639038,-0.15000000596046448,0.8500000238418579,0.0
229327.png,0.7380889654174065,-0.10903239995241165,0.8500000238418579,0.0
229427.png,0.15056213736541663,-0.10903239995241165,0.8500000238418579,0.0
229527.png,0.2337057292461412,-0.10903239995241165,0.8500000238418579,0.0
229627.png,0.38447890782187627,-0.10903239995241165,0.8500000238418579,0.0
229727.png,1.8503577062942191,-0.10903239995241165,0.8500000238418579,0.0
229827.png,2.7061846267240015,-0.10903239995241165,0.8500000238418579,0.0
229927.png,3.4114072994275286,-0.10903239995241165,0.8500000238418579,0.0
230027.png,4.023218862665375,-0.10903239995241165,0.8500000238418579,0.0
230127.png,4.587782589160347,-0.10042689740657806,0.8500000238418579,0.0
230327.png,5.387416668341779,-0.14072604477405548,0.8500000238418579,0.0
230227.png,5.1314314498412745,-0.10042689740657806,0.8500000238418579,0.0
230427.png,5.652872364908394,-0.14072604477405548,0.8500000238418579,0.0
230527.png,6.130260999494709,-0.14072604477405548,0.8500000238418579,0.0
230627.png,6.593196897361817,-0.14072604477405548,0.8500000238418579,0.0
230727.png,7.134121037482515,-0.11281529814004898,0.8500000238418579,0.0
230827.png,7.678272920193153,-0.11281529814004898,0.8500000238418579,0.0
230927.png,8.213062231170072,-0.11281529814004898,0.8500000238418579,0.0
231027.png,8.739642473531672,-0.11281529814004898,0.8500000238418579,0.0
231127.png,9.263708455624466,-0.1441611647605896,0.8500000238418579,0.0
231227.png,9.796460868117965,-0.1441611647605896,0.8500000238418579,0.0
231327.png,10.34687180817549,-0.1441611647605896,0.8500000238418579,0.0
231427.png,10.873019942091721,-0.1441611647605896,0.8500000238418579,0.0
231527.png,11.093782139792534,-0.21045976877212524,0.0,0.699999988079071
231627.png,10.77420913971331,-0.21045976877212524,0.0,0.699999988079071
231727.png,10.254325962997335,-0.21045976877212524,0.0,0.699999988079071
231827.png,9.668678622776525,-0.21045976877212524,0.0,0.699999988079071
231927.png,9.009590222900018,-0.29119014739990234,0.0,0.699999988079071
232027.png,8.39665418844004,-0.29119014739990234,0.0,0.699999988079071
232127.png,7.817814065876929,-0.29119014739990234,0.0,0.699999988079071
232327.png,6.792231217257472,-0.14119014143943787,0.0,0.699999988079071
232227.png,7.266765703432759,-0.29119014739990234,0.0,0.699999988079071
232427.png,6.311168204387615,-0.14119014143943787,0.0,0.699999988079071
232527.png,4.714127003648867,-0.14119014143943787,0.0,0.699999988079071
232727.png,0.3736109735766256,0.008809864521026611,0.8500000238418579,0.0
232627.png,2.0305053648911873,-0.14119014143943787,0.0,0.699999988079071
232827.png,0.9495353701125131,0.008809864521026611,0.8500000238418579,0.0
232927.png,1.6008973664062687,0.008809864521026611,0.8500000238418579,0.0
233027.png,2.217000084388864,0.008809864521026611,0.8500000238418579,0.0
233127.png,2.82939153253853,0.1588098704814911,0.8500000238418579,0.0
233227.png,3.432020848029138,0.1588098704814911,0.8500000238418579,0.0
233327.png,4.012840117940382,0.1588098704814911,0.8500000238418579,0.0
233427.png,4.566555475444174,0.1588098704814911,0.8500000238418579,0.0
233527.png,5.113764936926017,0.07776283472776413,0.8500000238418579,0.0
233627.png,5.409022475843692,0.07776283472776413,0.8500000238418579,0.0
233727.png,5.643705357803887,0.07776283472776413,0.8500000238418579,0.0
233827.png,6.058615250267868,0.07776283472776413,0.8500000238418579,0.0
233927.png,6.647317899229426,-0.07223717123270035,0.8500000238418579,0.0
234027.png,7.115461601789342,-0.07223717123270035,0.8500000238418579,0.0
234127.png,7.632714545850803,-0.07223717123270035,0.8500000238418579,0.0
234227.png,8.166165032741656,-0.07223717123270035,0.8500000238418579,0.0
234327.png,8.665853457004792,-0.22223716974258423,0.8500000238418579,0.0
234527.png,9.692562825188608,-0.22223716974258423,0.8500000238418579,0.0
234427.png,9.172183662968449,-0.22223716974258423,0.8500000238418579,0.0
234727.png,10.383395849812786,-0.3722371757030487,0.0,0.5753117203712463
234627.png,10.229480319007077,-0.22223716974258423,0.8500000238418579,0.0
234827.png,10.029825967857349,-0.3722371757030487,0.0,0.5753117203712463
234927.png,9.511639773321201,-0.3722371757030487,0.0,0.5753117203712463
235027.png,8.93568483133145,-0.3722371757030487,0.0,0.5753117203712463
235127.png,8.431088928936859,-0.22862952947616577,0.0,0.699999988079071
235227.png,7.887229054475403,-0.22862952947616577,0.0,0.699999988079071
235327.png,7.350297212952481,-0.22862952947616577,0.0,0.699999988079071
235527.png,6.4381510561222015,-0.0786295235157013,0.0,0.047700025141239166
235427.png,6.832750962292537,-0.22862952947616577,0.0,0.699999988079071
235627.png,6.1085576658625715,-0.0786295235157013,0.0,0.047700025141239166
235727.png,5.8007292886935735,-0.0786295235157013,0.0,0.047700025141239166
235827.png,5.510534868354479,-0.0786295235157013,0.0,0.047700025141239166
235927.png,5.234966558801704,0.07137048244476318,0.8500000238418579,0.0
236027.png,5.282937742187737,0.07137048244476318,0.8500000238418579,0.0
236127.png,5.612070907128666,0.07137048244476318,0.8500000238418579,0.0
236227.png,6.085856969468097,0.07137048244476318,0.8500000238418579,0.0
236327.png,6.309314565705258,0.22137048840522766,0.0,1.0
236427.png,6.073404167719082,0.22137048840522766,0.0,1.0
236527.png,5.076530579823532,0.22137048840522766,0.0,1.0
236627.png,2.396849051623112,0.22137048840522766,0.0,1.0
236727.png,0.009353510005049047,0.37137049436569214,0.0,1.0
236827.png,0.0007773620562361852,0.37137049436569214,0.0,1.0
236927.png,0.0005518036835265685,0.37137049436569214,0.0,1.0
237027.png,0.0003188200527511635,0.37137049436569214,0.0,1.0
237127.png,0.0001783595361993784,0.521370530128479,0.0,1.0
237227.png,9.478962008263555e-05,0.521370530128479,0.0,1.0
237327.png,5.122891613600499e-05,0.521370530128479,0.0,1.0
237427.png,2.4291606520475e-05,0.521370530128479,0.0,1.0
237527.png,1.9068023921188504e-05,0.6713705062866211,0.0,1.0
237627.png,1.0859160096274908e-05,0.6713705062866211,0.0,1.0
237727.png,4.838033390191156e-06,0.6713705062866211,0.0,1.0
237827.png,2.055813058813324e-06,0.6713705062866211,0.0,1.0
237927.png,2.1463920914579404e-06,0.800000011920929,0.0,1.0
238027.png,1.3325419535519315e-06,0.800000011920929,0.0,1.0
238127.png,9.88866130780412e-07,0.800000011920929,0.0,1.0
238227.png,3.6239030788966396e-07,0.800000011920929,0.0,1.0
238327.png,6.049922101266675e-07,0.800000011920929,0.0,1.0
238427.png,9.697475985603389e-07,0.800000011920929,0.0,1.0
238527.png,1.5190871943375398e-06,0.800000011920929,0.0,1.0
238627.png,3.9379731706233105e-08,0.800000011920929,0.0,1.0
238727.png,8.912138922074272e-08,0.800000011920929,0.0,1.0
238827.png,4.391253124521518e-07,0.800000011920929,0.0,1.0
238927.png,7.665858974056038e-07,0.800000011920929,0.0,1.0
239027.png,1.223274965499885e-06,0.800000011920929,0.0,1.0
239127.png,3.7207524184196025e-07,0.800000011920929,0.0,1.0
239227.png,1.135052206889795e-06,0.800000011920929,0.0,1.0
239327.png,1.640327016751775e-06,0.800000011920929,0.0,1.0
239427.png,1.0490704514431237e-06,0.800000011920929,0.0,1.0
239527.png,1.084570278232219e-08,0.800000011920929,0.0,1.0
239627.png,4.4693958049034945e-08,0.800000011920929,0.0,1.0
239727.png,4.5891436650286264e-07,0.800000011920929,0.0,1.0
239827.png,8.033254678665966e-07,0.800000011920929,0.0,1.0
239927.png,5.7257746292293515e-08,0.800000011920929,0.0,1.0
240027.png,9.699965650961746e-08,0.800000011920929,0.0,1.0
240127.png,2.8585280974697163e-07,0.800000011920929,0.0,1.0
240227.png,1.9112113682285211e-07,0.800000011920929,0.0,1.0
240327.png,3.8163333866152135e-08,0.800000011920929,0.0,1.0
240427.png,1.3352325725800216e-07,0.800000011920929,0.0,1.0
240527.png,2.0986415942335601e-07,0.800000011920929,0.0,1.0
240627.png,3.9286518169091266e-08,0.800000011920929,0.0,1.0
240727.png,2.490684749554882e-10,0.800000011920929,0.0,1.0
240827.png,7.596466741049625e-10,0.800000011920929,0.0,1.0
240927.png,9.60962099667319e-09,0.800000011920929,0.0,1.0
241027.png,2.8943449760680973e-08,0.800000011920929,0.0,1.0
241127.png,4.7909821463644715e-08,0.800000011920929,0.0,1.0
241227.png,2.628532530246291e-07,0.800000011920929,0.0,1.0
241327.png,1.9317510619543795e-07,0.800000011920929,0.0,1.0
241427.png,2.182327546860794e-07,0.800000011920929,0.0,1.0
241527.png,2.917102904261564e-07,0.800000011920929,0.0,1.0
241627.png,1.0845702980323628e-08,0.800000011920929,0.0,1.0
241727.png,4.262670896213548e-08,0.800000011920929,0.0,1.0
241827.png,4.5879019125910584e-07,0.800000011920929,0.0,1.0
241927.png,9.810937270565361e-08,0.800000011920929,0.0,1.0
242027.png,5.723097160569757e-08,0.800000011920929,0.0,1.0
242127.png,1.5259654536152646e-07,0.800000011920929,0.0,1.0
242227.png,2.2893270862504353e-07,0.800000011920929,0.0,1.0
242327.png,3.065163653381005e-07,0.800000011920929,0.0,1.0
242427.png,3.814791627177202e-08,0.800000011920929,0.0,1.0
242527.png,1.3351621898130534e-07,0.800000011920929,0.0,1.0
242627.png,2.193976828903319e-07,0.800000011920929,0.0,1.0
242727.png,3.620817649680325e-08,0.800000011920929,0.0,1.0
242827.png,1.907407127128613e-08,0.800000011920929,0.0,1.0
242927.png,1.1444252424550541e-07,0.800000011920929,0.0,1.0
243027.png,2.1172856010521255e-07,0.800000011920929,0.0,1.0
243127.png,2.8750043631756646e-07,0.800000011920929,0.0,1.0
243227.png,5.866681023244703e-08,0.800000011920929,0.0,1.0
243327.png,9.536893221635893e-08,0.800000011920929,0.0,1.0
243427.png,1.9073757086816573e-07,0.800000011920929,0.0,1.0
243527.png,2.6848590240358764e-07,0.800000011920929,0.0,1.0
243627.png,3.444777196989228e-07,0.800000011920929,0.0,1.0
243727.png,5.58151082830213e-10,0.800000011920929,0.0,1.0
243827.png,9.590018458603292e-09,0.800000011920929,0.0,1.0
243927.png,1.9125112468755683e-08,0.800000011920929,0.0,1.0
244027.png,3.8188014236484864e-08,0.800000011920929,0.0,1.0
244127.png,4.742251360016583e-08,0.800000011920929,0.0,1.0
244227.png,8.772267109001317e-08,0.800000011920929,0.0,1.0
244327.png,1.7414011129366987e-07,0.800000011920929,0.0,1.0
244427.png,1.9254128793869312e-07,0.800000011920929,0.0,1.0
244527.png,2.4336863921112822e-08,0.800000011920929,0.0,1.0
244627.png,7.83092924575832e-08,0.800000011920929,0.0,1.0
244727.png,1.4137941863647977e-07,0.800000011920929,0.0,1.0
244827.png,2.0745523278564672e-07,0.800000011920929,0.0,1.0
244927.png,1.9074071271170668e-08,0.800000011920929,0.0,1.0
245027.png,1.144425242465137e-07,0.800000011920929,0.0,1.0
245127.png,2.0981067839757042e-07,0.800000011920929,0.0,1.0
245227.png,3.997846446032803e-08,0.800000011920929,0.0,1.0
245327.png,3.6348984891221643e-07,0.800000011920929,0.0,1.0
245427.png,9.536893221451156e-08,0.800000011920929,0.0,1.0
245527.png,1.9073686246584014e-07,0.800000011920929,0.0,1.0
245627.png,5.190658860733054e-08,0.800000011920929,0.0,1.0
245727.png,5.171813059024544e-08,0.800000011920929,0.0,1.0
245827.png,7.62952524873016e-08,0.800000011920929,0.0,1.0
245927.png,1.716631692155227e-07,0.800000011920929,0.0,1.0
246027.png,6.722637910526368e-08,0.800000011920929,0.0,1.0
246127.png,3.433257553113392e-07,0.800000011920929,0.0,1.0
246327.png,1.0291628221928432e-08,0.800000011920929,0.0,1.0
246227.png,4.5980982997361785e-10,0.800000011920929,0.0,1.0
246427.png,1.9140212591007183e-08,0.800000011920929,0.0,1.0
246527.png,3.840775124479566e-08,0.800000011920929,0.0,1.0
246627.png,3.814791627135737e-08,0.800000011920929,0.0,1.0
246727.png,1.8468392840700848e-07,0.800000011920929,0.0,1.0
246827.png,2.2888561834410287e-07,0.800000011920929,0.0,1.0
246927.png,3.0521099899380336e-07,0.800000011920929,0.0,1.0
247127.png,1.1763760326887962e-07,0.800000011920929,0.0,1.0
247027.png,1.907407127118395e-08,0.800000011920929,0.0,1.0
247227.png,1.1073765438902456e-07,0.800000011920929,0.0,1.0
247327.png,2.861050482153075e-07,0.800000011920929,0.0,1.0
247427.png,3.6240087602577274e-07,0.800000011920929,0.0,1.0
247527.png,7.638539152953946e-08,0.800000011920929,0.0,1.0
247627.png,1.7386653841923392e-07,0.800000011920929,0.0,1.0
247727.png,2.670318285277479e-07,0.800000011920929,0.0,1.0
247827.png,3.433276990888813e-07,0.800000011920929,0.0,1.0
247927.png,7.629525248582277e-08,0.800000011920929,0.0,1.0
248027.png,1.7166388578421598e-07,0.800000011920929,0.0,1.0
248127.png,6.717329782524789e-08,0.800000011920929,0.0,1.0
248227.png,3.974512004639315e-08,0.800000011920929,0.0,1.0
248327.png,5.7221576564366576e-08,0.800000011920929,0.0,1.0
248427.png,1.5258990741266362e-07,0.800000011920929,0.0,1.0
248527.png,2.3055660579398194e-07,0.800000011920929,0.0,1.0
248627.png,3.0521298408296104e-07,0.800000011920929,0.0,1.0
248727.png,3.64466170709486e-10,0.800000011920929,0.0,1.0
248827.png,8.616793046330903e-10,0.800000011920929,0.0,1.0
248927.png,3.2617558465884424e-07,0.800000011920929,0.0,1.0
249027.png,3.64086278979669e-07,0.800000011920929,0.0,1.0
249127.png,2.490684757088201e-10,0.800000011920929,0.0,1.0
249227.png,1.0231584574154153e-08,0.800000011920929,0.0,1.0
249327.png,1.9124455313695806e-08,0.800000011920929,0.0,1.0
249427.png,2.865061345462579e-08,0.800000011920929,0.0,1.0
249527.png,3.830690298403898e-07,0.800000011920929,0.0,1.0
249627.png,6.583385687819432e-10,0.800000011920929,0.0,1.0
249727.png,9.637280551234823e-09,0.800000011920929,0.0,1.0
249827.png,3.45128695304016e-07,0.800000011920929,0.0,1.0
249927.png,7.244090947500416e-08,0.800000011920929,0.0,1.0
250027.png,5.581510327707155e-10,0.800000011920929,0.0,1.0
250127.png,9.586397451863481e-09,0.800000011920929,0.0,1.0
250227.png,3.98218339882862e-08,0.800000011920929,0.0,1.0
250327.png,3.642236354697605e-07,0.800000011920929,0.0,1.0
250427.png,4.598097838778563e-10,0.800000011920929,0.0,1.0
250527.png,9.642068074376945e-10,0.800000011920929,0.0,1.0
250627.png,3.363637924426184e-08,0.800000011920929,0.0,1.0
250727.png,3.4511487057463603e-07,0.800000011920929,0.0,1.0
250827.png,3.644660886522128e-10,0.800000011920929,0.0,1.0
250927.png,9.570647941245937e-09,0.800000011920929,0.0,1.0
251027.png,1.9132051143005034e-08,0.800000011920929,0.0,1.0
251127.png,4.722472110863521e-08,0.800000011920929,0.0,1.0
251227.png,2.490684743904894e-10,0.800000011920929,0.0,1.0
251327.png,7.596468285428468e-10,0.800000011920929,0.0,1.0
251427.png,9.610105530198356e-09,0.800000011920929,0.0,1.0
251527.png,2.894345892816102e-08,0.800000011920929,0.0,1.0
251627.png,6.292880851559299e-08,0.800000011920929,0.0,1.0
251727.png,3.26222172467988e-07,0.800000011920929,0.0,1.0
251827.png,1.9104474411805895e-08,0.800000011920929,0.0,1.0
251927.png,3.8389623481224845e-08,0.800000011920929,0.0,1.0
252027.png,5.740313578834787e-08,0.800000011920929,0.0,1.0
252127.png,7.629525248631273e-08,0.800000011920929,0.0,1.0
252227.png,1.7384941242726814e-07,0.800000011920929,0.0,1.0
252327.png,2.6703296484937196e-07,0.800000011920929,0.0,1.0
252527.png,5.7221576566133236e-08,0.800000011920929,0.0,1.0
252427.png,3.4335208978596015e-07,0.800000011920929,0.0,1.0
252627.png,1.5259237344283986e-07,0.800000011920929,0.0,1.0
252727.png,2.479581140634082e-07,0.800000011920929,0.0,1.0
252927.png,3.814791627161718e-08,0.800000011920929,0.0,1.0
252827.png,3.2425401235344684e-07,0.800000011920929,0.0,1.0
253027.png,1.335162189827845e-07,0.800000011920929,0.0,1.0
253127.png,2.2888417168389513e-07,0.800000011920929,0.0,1.0
253227.png,3.0518023825886253e-07,0.800000011920929,0.0,1.0
253327.png,1.9074071271062586e-08,0.800000011920929,0.0,1.0
253427.png,1.1444252424345006e-07,0.800000011920929,0.0,1.0
253527.png,2.0981048081793693e-07,0.800000011920929,0.0,1.0
253627.png,2.861347206802337e-07,0.800000011920929,0.0,1.0
253727.png,3.6242494356083975e-07,0.800000011920929,0.0,1.0
253827.png,3.2622217246375187e-07,0.800000011920929,0.0,1.0
253927.png,1.9104474432108156e-08,0.800000011920929,0.0,1.0
254027.png,4.719806634169092e-08,0.800000011920929,0.0,1.0
254127.png,5.7403178942172044e-08,0.800000011920929,0.0,1.0
254227.png,7.629525248689733e-08,0.800000011920929,0.0,1.0
254327.png,1.716638857851939e-07,0.800000011920929,0.0,1.0
254527.png,3.97451200940427e-08,0.800000011920929,0.0,1.0
254427.png,6.717329966820096e-08,0.800000011920929,0.0,1.0
254727.png,1.5258990741350666e-07,0.800000011920929,0.0,1.0
254627.png,5.722157656412771e-08,0.800000011920929,0.0,1.0
254827.png,2.305566064434126e-07,0.800000011920929,0.0,1.0
254927.png,3.503714449080331e-08,0.800000011920929,0.0,1.0
255027.png,3.814791627145334e-08,0.800000011920929,0.0,1.0
255127.png,1.3639941710858206e-07,0.800000011920929,0.0,1.0
255227.png,2.2891952919290225e-07,0.800000011920929,0.0,1.0
255327.png,3.064574444933939e-07,0.800000011920929,0.0,1.0
255427.png,2.4906847514382115e-10,0.800000011920929,0.0,1.0
255527.png,7.596441998509628e-10,0.800000011920929,0.0,1.0
255627.png,3.4514352516062186e-07,0.800000011920929,0.0,1.0
255727.png,4.771535945224897e-08,0.800000011920929,0.0,1.0
255827.png,6.678836244779562e-08,0.800000011920929,0.0,1.0
255927.png,3.262221720782224e-07,0.800000011920929,0.0,1.0
256127.png,3.818566382334713e-08,0.800000011920929,0.0,1.0
256027.png,3.969039383191619e-08,0.800000011920929,0.0,1.0
256227.png,6.678542246945068e-08,0.800000011920929,0.0,1.0
256327.png,5.581512330087116e-10,0.800000011920929,0.0,1.0
256427.png,1.032310084513878e-08,0.800000011920929,0.0,1.0
256527.png,1.912511247127096e-08,0.800000011920929,0.0,1.0
256627.png,3.8200616950035624e-08,0.800000011920929,0.0,1.0
256727.png,4.5980966514048173e-10,0.800000011920929,0.0,1.0
256827.png,9.57647794075811e-09,0.800000011920929,0.0,1.0
256927.png,1.9117765272109993e-08,0.800000011920929,0.0,1.0
257027.png,3.819531036639574e-08,0.800000011920929,0.0,1.0
257127.png,0.0029185083382457645,0.800000011920929,0.8500000238418579,0.0
257227.png,0.19770020125799745,0.800000011920929,0.8500000238418579,0.0
257327.png,0.6661270376678411,0.800000011920929,0.8500000238418579,0.0
257427.png,1.1002352321870332,0.800000011920929,0.8500000238418579,0.0
257527.png,1.6190665512298454,0.800000011920929,0.8500000238418579,0.0
257627.png,2.171500784706113,0.800000011920929,0.8500000238418579,0.0
257727.png,2.7049997196130358,0.800000011920929,0.8500000238418579,0.0
257827.png,3.239274592222797,0.800000011920929,0.8500000238418579,0.0
257927.png,3.7617261830803352,0.800000011920929,0.8500000238418579,0.0
258027.png,4.266545968994147,0.800000011920929,0.8500000238418579,0.0
258127.png,4.755851991216157,0.800000011920929,0.8500000238418579,0.0
258227.png,5.2272594371330365,0.800000011920929,0.8500000238418579,0.0
258327.png,5.780805659670133,0.6499999761581421,0.8500000238418579,0.0
258427.png,5.922092580694612,0.6499999761581421,0.8500000238418579,0.0
258527.png,6.244392201023367,0.6499999761581421,0.8500000238418579,0.0
258627.png,6.670732200304205,0.6499999761581421,0.8500000238418579,0.0
258727.png,7.223863683961632,0.4999999701976776,0.8500000238418579,0.0
258827.png,7.709196121295438,0.4999999701976776,0.8500000238418579,0.0
258927.png,8.182365641165328,0.4999999701976776,0.8500000238418579,0.0
259027.png,8.65046022134787,0.4999999701976776,0.8500000238418579,0.0
259127.png,9.205599890795158,0.34999996423721313,0.8500000238418579,0.0
259227.png,9.697572720248466,0.34999996423721313,0.8500000238418579,0.0
259327.png,10.16317406432939,0.34999996423721313,0.8500000238418579,0.0
259427.png,10.592590394442825,0.34999996423721313,0.8500000238418579,0.0
259527.png,10.69840441188085,0.19999995827674866,0.0,0.699999988079071
259627.png,10.454280751965921,0.19999995827674866,0.0,0.699999988079071
259727.png,9.937473111223241,0.19999995827674866,0.0,0.699999988079071
259827.png,9.405524923993696,0.19999995827674866,0.0,0.699999988079071
259927.png,8.89176749856573,0.04999995231628418,0.0,0.699999988079071
260027.png,8.307061108858031,0.04999995231628418,0.0,0.699999988079071
260127.png,7.760841021592214,0.04999995231628418,0.0,0.699999988079071
260227.png,7.235488926913905,0.04999995231628418,0.0,0.699999988079071
260327.png,0.09578748948578555,0.19999995827674866,0.0,0.699999988079071
260427.png,0.025414624697967455,0.19999995827674866,0.0,0.699999988079071
260527.png,0.023643627667722638,0.19999995827674866,0.0,0.699999988079071
260627.png,0.014658667720173173,0.19999995827674866,0.0,0.699999988079071
260727.png,0.015028787416630402,0.34999996423721313,0.8500000238418579,0.0
260827.png,0.2736779573966884,0.34999996423721313,0.8500000238418579,0.0
260927.png,0.6923731886297745,0.34999996423721313,0.8500000238418579,0.0
261027.png,0.18028240643121093,0.34999996423721313,0.8500000238418579,0.0
261127.png,0.061563014335845,0.4999999701976776,0.8500000238418579,0.0
261227.png,0.05810744369019021,0.4999999701976776,0.8500000238418579,0.0
261327.png,0.055769904975049474,0.4999999701976776,0.8500000238418579,0.0
261427.png,0.05732205002381371,0.4999999701976776,0.8500000238418579,0.0
261527.png,0.0538473323012683,0.6499999761581421,0.8500000238418579,0.0
261627.png,0.05340170287530289,0.6499999761581421,0.8500000238418579,0.0
261727.png,0.053429650009746005,0.6499999761581421,0.8500000238418579,0.0
261827.png,0.053866252004462226,0.6499999761581421,0.8500000238418579,0.0
261927.png,0.049576221607363226,0.7999999523162842,0.8500000238418579,0.0
262027.png,0.048725524472135795,0.7999999523162842,0.8500000238418579,0.0
262127.png,0.048671183349648255,0.7999999523162842,0.8500000238418579,0.0
262227.png,0.04865130057317907,0.7999999523162842,0.8500000238418579,0.0
262327.png,0.052142679096261725,0.6499999761581421,0.8500000238418579,0.0
262427.png,0.05300229595984674,0.6499999761581421,0.8500000238418579,0.0
262527.png,0.05017441530479193,0.6499999761581421,0.8500000238418579,0.0
262627.png,0.0529146996187221,0.6499999761581421,0.8500000238418579,0.0
262727.png,0.05592310662867183,0.4999999701976776,0.8500000238418579,0.0
262827.png,0.056140111378148616,0.4999999701976776,0.8500000238418579,0.0
262927.png,0.056232621722502034,0.4999999701976776,0.8500000238418579,0.0
263027.png,0.05629523233149835,0.4999999701976776,0.8500000238418579,0.0
263127.png,0.05752137413302271,0.34999996423721313,0.8500000238418579,0.0
263227.png,0.057554549911018965,0.34999996423721313,0.8500000238418579,0.0
263327.png,0.0576456114867487,0.34999996423721313,0.8500000238418579,0.0
263427.png,0.057690530440653455,0.34999996423721313,0.8500000238418579,0.0
263527.png,0.056698656904446205,0.19999995827674866,0.8500000238418579,0.0
263627.png,0.05660051691850807,0.19999995827674866,0.8500000238418579,0.0
263727.png,0.05666338352094068,0.19999995827674866,0.8500000238418579,0.0
263827.png,0.05668400975156442,0.19999995827674866,0.8500000238418579,0.0
263927.png,0.05339677881766771,0.04999995231628418,0.8500000238418579,0.0
264027.png,0.053167204220568455,0.04999995231628418,0.8500000238418579,0.0
264127.png,0.05287572710018898,0.04999995231628418,0.8500000238418579,0.0
264227.png,0.0531073112121921,0.04999995231628418,0.8500000238418579,0.0
264327.png,0.04803296116965063,-0.1000000536441803,0.8500000238418579,0.0
264427.png,0.04783305414919893,-0.1000000536441803,0.8500000238418579,0.0
264527.png,0.047840583599585755,-0.1000000536441803,0.8500000238418579,0.0
264627.png,0.047857775809602425,-0.1000000536441803,0.8500000238418579,0.0
264727.png,0.042666870578413334,-0.2500000596046448,0.8500000238418579,0.0
264827.png,0.042253481755668836,-0.2500000596046448,0.8500000238418579,0.0
264927.png,0.03725154782698209,-0.2500000596046448,0.8500000238418579,0.0
265027.png,0.03159082413468496,-0.2500000596046448,0.8500000238418579,0.0
265127.png,0.023354615418460043,-0.40000006556510925,0.8500000238418579,0.0
265227.png,0.02108384941062159,-0.40000006556510925,0.8500000238418579,0.0
265327.png,0.020207113591819512,-0.40000006556510925,0.8500000238418579,0.0
265427.png,0.0158157256540234,-0.40000006556510925,0.8500000238418579,0.0
265527.png,0.01109551374550699,-0.5500000715255737,0.8500000238418579,0.0
265627.png,0.01496180407647854,-0.5500000715255737,0.8500000238418579,0.0
265727.png,0.010632235774686834,-0.5500000715255737,0.8500000238418579,0.0
265827.png,0.009403134970774107,-0.5500000715255737,0.8500000238418579,0.0
265927.png,0.006794497721170337,-0.7000000476837158,0.8500000238418579,0.0
266027.png,0.008692467267080003,-0.7000000476837158,0.8500000238418579,0.0
266127.png,0.00905913274355724,-0.7000000476837158,0.8500000238418579,0.0
266227.png,0.009965485642116644,-0.7000000476837158,0.8500000238418579,0.0
266327.png,0.007275020190009271,-0.800000011920929,0.8500000238418579,0.0
266427.png,0.008026973678741174,-0.800000011920929,0.8500000238418579,0.0
266527.png,0.005804128618056856,-0.800000011920929,0.8500000238418579,0.0
266627.png,0.011901386723789412,-0.800000011920929,0.8500000238418579,0.0
266727.png,0.011991349729485776,-0.800000011920929,0.8500000238418579,0.0
266827.png,0.011884448868131083,-0.800000011920929,0.8500000238418579,0.0
266927.png,0.011326281087981945,-0.800000011920929,0.8500000238418579,0.0
267027.png,0.011742086520667166,-0.800000011920929,0.8500000238418579,0.0
267127.png,0.01274203761152037,-0.800000011920929,0.8500000238418579,0.0
267227.png,0.0036851722121199974,-0.800000011920929,0.8500000238418579,0.0
267327.png,0.006652366484308047,-0.800000011920929,0.8500000238418579,0.0
267427.png,0.000777907368612769,-0.800000011920929,0.8500000238418579,0.0
267527.png,0.006387111694872125,-0.800000011920929,0.8500000238418579,0.0
267627.png,0.006720760014778331,-0.800000011920929,0.8500000238418579,0.0
267727.png,0.009170350345577331,-0.800000011920929,0.8500000238418579,0.0
267827.png,0.003934523740814852,-0.800000011920929,0.8500000238418579,0.0
267927.png,0.015110427448404844,-0.800000011920929,0.8500000238418579,0.0
268027.png,0.006705450354687523,-0.800000011920929,0.8500000238418579,0.0
268127.png,0.006000897722608621,-0.800000011920929,0.8500000238418579,0.0
268327.png,0.00642640855637456,-0.800000011920929,0.8500000238418579,0.0
268227.png,0.010260286436248538,-0.800000011920929,0.8500000238418579,0.0
268527.png,0.006688541732278404,-0.800000011920929,0.8500000238418579,0.0
268427.png,0.007275811261912568,-0.800000011920929,0.8500000238418579,0.0
268627.png,0.0063103396408081,-0.800000011920929,0.8500000238418579,0.0
268727.png,0.008252223172994276,-0.800000011920929,0.8500000238418579,0.0
268927.png,0.007614463797990179,-0.800000011920929,0.8500000238418579,0.0
268827.png,0.006266595408859431,-0.800000011920929,0.8500000238418579,0.0
269027.png,0.006247006842207796,-0.800000011920929,0.8500000238418579,0.0
269127.png,0.012263672789280837,-0.800000011920929,0.8500000238418579,0.0
269227.png,0.01136316029635391,-0.800000011920929,0.8500000238418579,0.0
269327.png,0.011442641013174375,-0.800000011920929,0.8500000238418579,0.0
269427.png,0.011275114145645297,-0.800000011920929,0.8500000238418579,0.0
269527.png,0.010643644598141891,-0.800000011920929,0.8500000238418579,0.0
269627.png,0.011130481504339592,-0.800000011920929,0.8500000238418579,0.0
269727.png,0.010442692102098665,-0.800000011920929,0.8500000238418579,0.0
269827.png,0.006376514530511165,-0.800000011920929,0.8500000238418579,0.0
269927.png,0.005752300180357543,-0.800000011920929,0.8500000238418579,0.0
270027.png,0.008412040821844453,-0.800000011920929,0.8500000238418579,0.0
270127.png,0.0071177353846218275,-0.800000011920929,0.8500000238418579,0.0
270227.png,0.006037775556572211,-0.800000011920929,0.8500000238418579,0.0
270327.png,0.0058625865377995,-0.800000011920929,0.8500000238418579,0.0
270427.png,0.007793066157191767,-0.800000011920929,0.8500000238418579,0.0
270527.png,0.011539434853114615,-0.800000011920929,0.8500000238418579,0.0
270627.png,0.011269233619655504,-0.800000011920929,0.8500000238418579,0.0
270727.png,0.011202997079546384,-0.800000011920929,0.8500000238418579,0.0
270827.png,0.010772807087354572,-0.800000011920929,0.8500000238418579,0.0
270927.png,0.010449878726056188,-0.800000011920929,0.8500000238418579,0.0
271027.png,0.010828938510716158,-0.800000011920929,0.8500000238418579,0.0
271127.png,0.010874415676960918,-0.800000011920929,0.8500000238418579,0.0
271227.png,0.010465539603542916,-0.800000011920929,0.8500000238418579,0.0
271327.png,0.018001465968166135,-0.800000011920929,0.8500000238418579,0.0
271427.png,0.013441348926163192,-0.800000011920929,0.8500000238418579,0.0
271527.png,0.011245309221728634,-0.800000011920929,0.8500000238418579,0.0
271627.png,0.011320958834385499,-0.800000011920929,0.8500000238418579,0.0
271727.png,0.011260275832345007,-0.800000011920929,0.8500000238418579,0.0
271827.png,0.010432564130361716,-0.800000011920929,0.8500000238418579,0.0
271927.png,0.010291862982428889,-0.800000011920929,0.8500000238418579,0.0
272027.png,0.011191066008064946,-0.800000011920929,0.8500000238418579,0.0
272127.png,0.010330060554308946,-0.800000011920929,0.8500000238418579,0.0
272227.png,0.010278191491496386,-0.800000011920929,0.8500000238418579,0.0
272327.png,0.011273778496760319,-0.800000011920929,0.8500000238418579,0.0
272427.png,0.010360023704530994,-0.800000011920929,0.8500000238418579,0.0
272527.png,0.01023989079218882,-0.800000011920929,0.8500000238418579,0.0
272627.png,0.011341673435913082,-0.800000011920929,0.8500000238418579,0.0
272727.png,0.01026752055007043,-0.800000011920929,0.8500000238418579,0.0
272827.png,0.01022702226217459,-0.800000011920929,0.8500000238418579,0.0
272927.png,0.011239334323312538,-0.800000011920929,0.8500000238418579,0.0
273027.png,0.010478930212024909,-0.800000011920929,0.8500000238418579,0.0
273127.png,0.010285379828836802,-0.800000011920929,0.8500000238418579,0.0
273227.png,0.010334188811811886,-0.800000011920929,0.8500000238418579,0.0
273327.png,0.011070531628149272,-0.800000011920929,0.8500000238418579,0.0
273427.png,0.010264413466008527,-0.800000011920929,0.8500000238418579,0.0
273527.png,0.0103291738616469,-0.800000011920929,0.8500000238418579,0.0
273627.png,0.011128652462544464,-0.800000011920929,0.8500000238418579,0.0
273727.png,0.010348310918094069,-0.800000011920929,0.8500000238418579,0.0
273827.png,0.010208801715632761,-0.800000011920929,0.8500000238418579,0.0
273927.png,0.0112736051987129,-0.800000011920929,0.8500000238418579,0.0
274027.png,0.010223226265892347,-0.800000011920929,0.8500000238418579,0.0
274127.png,0.010319935723066654,-0.800000011920929,0.8500000238418579,0.0
274227.png,0.011158725369947525,-0.800000011920929,0.8500000238418579,0.0
274327.png,0.010230356935897923,-0.800000011920929,0.8500000238418579,0.0
274427.png,0.010282497208760878,-0.800000011920929,0.8500000238418579,0.0
274527.png,0.011106510772906643,-0.800000011920929,0.8500000238418579,0.0
274627.png,0.01021769827061022,-0.800000011920929,0.8500000238418579,0.0
274727.png,0.010247137525795601,-0.800000011920929,0.8500000238418579,0.0
274827.png,0.011135853711178924,-0.800000011920929,0.8500000238418579,0.0
274927.png,0.010198566559551885,-0.800000011920929,0.8500000238418579,0.0
275027.png,0.010248294278476433,-0.800000011920929,0.8500000238418579,0.0
275227.png,0.010173961317515004,-0.800000011920929,0.8500000238418579,0.0
275127.png,0.011142563427960227,-0.800000011920929,0.8500000238418579,0.0
275327.png,0.010213786782527868,-0.800000011920929,0.8500000238418579,0.0
275427.png,0.011157765799633667,-0.800000011920929,0.8500000238418579,0.0
275527.png,0.010152381968510068,-0.800000011920929,0.8500000238418579,0.0
275627.png,0.010210058162599072,-0.800000011920929,0.8500000238418579,0.0
275727.png,0.011133185145225858,-0.800000011920929,0.8500000238418579,0.0
275827.png,0.010134305262563398,-0.800000011920929,0.8500000238418579,0.0
275927.png,0.010209229762006623,-0.800000011920929,0.8500000238418579,0.0
276027.png,0.011114601321778097,-0.800000011920929,0.8500000238418579,0.0
276127.png,0.010088434191823294,-0.800000011920929,0.8500000238418579,0.0
276227.png,0.010219733346996312,-0.800000011920929,0.8500000238418579,0.0
276327.png,0.01110082622054411,-0.800000011920929,0.8500000238418579,0.0
276427.png,0.010067565337821324,-0.800000011920929,0.8500000238418579,0.0
276527.png,0.01020635875890293,-0.800000011920929,0.8500000238418579,0.0
276627.png,0.011088970516011659,-0.800000011920929,0.8500000238418579,0.0
276727.png,0.01004054602298109,-0.800000011920929,0.8500000238418579,0.0
276827.png,0.010203283981001416,-0.800000011920929,0.8500000238418579,0.0
276927.png,0.011081977926271986,-0.800000011920929,0.8500000238418579,0.0
277027.png,0.010008960655445725,-0.800000011920929,0.8500000238418579,0.0
277127.png,0.010213148299973902,-0.800000011920929,0.8500000238418579,0.0
277227.png,0.010907132432415858,-0.800000011920929,0.8500000238418579,0.0
277327.png,0.011255916385314943,-0.800000011920929,0.8500000238418579,0.0
277427.png,0.01009892304858585,-0.800000011920929,0.8500000238418579,0.0
277527.png,0.010002506987922686,-0.800000011920929,0.8500000238418579,0.0
277627.png,0.011009941763935233,-0.800000011920929,0.8500000238418579,0.0
277727.png,0.011038591245175075,-0.800000011920929,0.8500000238418579,0.0
277827.png,0.009739024086662038,-0.800000011920929,0.8500000238418579,0.0
277927.png,0.010116456654114309,-0.800000011920929,0.8500000238418579,0.0
278027.png,0.010898264836207119,-0.800000011920929,0.8500000238418579,0.0
278127.png,0.010102757914192797,-0.800000011920929,0.8500000238418579,0.0
278227.png,0.010474000510634083,-0.800000011920929,0.8500000238418579,0.0
278327.png,0.00957945981057525,-0.800000011920929,0.8500000238418579,0.0
278427.png,0.010135203920797819,-0.800000011920929,0.8500000238418579,0.0
278527.png,0.009555999406671881,-0.800000011920929,0.8500000238418579,0.0
278627.png,0.01019647190337001,-0.800000011920929,0.8500000238418579,0.0
278727.png,0.010044254835727712,-0.800000011920929,0.8500000238418579,0.0
278827.png,0.01090482633834958,-0.800000011920929,0.8500000238418579,0.0
278927.png,0.01029937630691446,-0.800000011920929,0.8500000238418579,0.0
279027.png,0.009808405963380088,-0.800000011920929,0.8500000238418579,0.0
279127.png,0.010909485746340647,-0.800000011920929,0.8500000238418579,0.0
279227.png,0.012714534321736635,-0.800000011920929,0.8500000238418579,0.0
279327.png,0.012599839170157801,-0.800000011920929,0.8500000238418579,0.0
279427.png,0.011097137671968276,-0.800000011920929,0.8500000238418579,0.0
279527.png,0.010111128490163417,-0.800000011920929,0.8500000238418579,0.0
279627.png,0.009521250818512593,-0.800000011920929,0.8500000238418579,0.0
279727.png,0.009147170268511548,-0.800000011920929,0.8500000238418579,0.0
279827.png,0.00893103265713255,-0.800000011920929,0.8500000238418579,0.0
279927.png,0.008792368352518593,-0.800000011920929,0.8500000238418579,0.0
280027.png,0.008699637035885596,-0.800000011920929,0.8500000238418579,0.0
280127.png,0.008634332670364274,-0.800000011920929,0.8500000238418579,0.0
280227.png,0.008600927400439605,-0.800000011920929,0.8500000238418579,0.0
280327.png,0.008599330945508377,-0.800000011920929,0.8500000238418579,0.0
280427.png,0.008574467018274983,-0.800000011920929,0.8500000238418579,0.0
280527.png,0.008570512301220358,-0.800000011920929,0.8500000238418579,0.0
280627.png,0.008547262646510565,-0.800000011920929,0.8500000238418579,0.0
280727.png,0.008540784390916453,-0.800000011920929,0.8500000238418579,0.0
280827.png,0.008537556865072434,-0.800000011920929,0.8500000238418579,0.0
280927.png,0.008553846095362869,-0.800000011920929,0.8500000238418579,0.0
281027.png,0.008561053882351824,-0.800000011920929,0.8500000238418579,0.0
281127.png,0.008547836368841929,-0.800000011920929,0.8500000238418579,0.0
281227.png,0.008563255587261861,-0.800000011920929,0.8500000238418579,0.0
281327.png,0.00856155345452266,-0.800000011920929,0.8500000238418579,0.0
281427.png,0.008572650714050821,-0.800000011920929,0.8500000238418579,0.0
281527.png,0.008571027505541777,-0.800000011920929,0.8500000238418579,0.0
281627.png,0.008563730663425835,-0.800000011920929,0.8500000238418579,0.0
281727.png,0.008563399831832328,-0.800000011920929,0.8500000238418579,0.0
281827.png,0.008576020032316715,-0.800000011920929,0.8500000238418579,0.0
281927.png,0.008564446002948858,-0.800000011920929,0.8500000238418579,0.0
282027.png,0.00855034167893196,-0.800000011920929,0.8500000238418579,0.0
282127.png,0.008560166738841331,-0.800000011920929,0.8500000238418579,0.0
282327.png,0.0085435010211452,-0.800000011920929,0.8500000238418579,0.0
282227.png,0.008551586145836343,-0.800000011920929,0.8500000238418579,0.0
282427.png,0.008557305606306697,-0.800000011920929,0.8500000238418579,0.0
282527.png,0.008549287317376966,-0.800000011920929,0.8500000238418579,0.0
282627.png,0.008556159242543809,-0.800000011920929,0.8500000238418579,0.0
282727.png,0.008559092515945062,-0.800000011920929,0.8500000238418579,0.0
282827.png,0.008566322996972272,-0.800000011920929,0.8500000238418579,0.0
282927.png,0.008568131864482461,-0.800000011920929,0.8500000238418579,0.0
283027.png,0.008554600012181997,-0.800000011920929,0.8500000238418579,0.0
283127.png,0.008572341879234618,-0.800000011920929,0.8500000238418579,0.0
283227.png,0.008563548740044388,-0.800000011920929,0.8500000238418579,0.0
283327.png,0.008556628538143301,-0.800000011920929,0.8500000238418579,0.0
283427.png,0.008563826156909626,-0.800000011920929,0.8500000238418579,0.0
283527.png,0.008572714537426343,-0.800000011920929,0.8500000238418579,0.0
283627.png,0.008549583648052634,-0.800000011920929,0.8500000238418579,0.0
283727.png,0.008554663511759902,-0.800000011920929,0.8500000238418579,0.0
283827.png,0.008564052483302357,-0.800000011920929,0.8500000238418579,0.0
283927.png,0.008558035403405178,-0.800000011920929,0.8500000238418579,0.0
284027.png,0.008557125890592278,-0.800000011920929,0.8500000238418579,0.0
284127.png,0.008569438758731734,-0.800000011920929,0.8500000238418579,0.0
284227.png,0.008559268297835898,-0.800000011920929,0.8500000238418579,0.0
284327.png,0.008569192178275667,-0.800000011920929,0.8500000238418579,0.0
284427.png,0.008570629740669614,-0.800000011920929,0.8500000238418579,0.0
284527.png,0.008571998633417092,-0.800000011920929,0.8500000238418579,0.0
284627.png,0.00856669151140426,-0.800000011920929,0.8500000238418579,0.0
284727.png,0.008573853092602238,-0.800000011920929,0.8500000238418579,0.0
284827.png,0.008580294295536159,-0.800000011920929,0.8500000238418579,0.0
284927.png,0.008576462607468796,-0.800000011920929,0.8500000238418579,0.0
285027.png,0.008558319705655881,-0.800000011920929,0.8500000238418579,0.0
285127.png,0.008563934641212606,-0.800000011920929,0.8500000238418579,0.0
285227.png,0.008546633170308996,-0.800000011920929,0.8500000238418579,0.0
285327.png,0.008544757162626987,-0.800000011920929,0.8500000238418579,0.0
285427.png,0.008544032810009112,-0.800000011920929,0.8500000238418579,0.0
285527.png,0.00854668464931389,-0.800000011920929,0.8500000238418579,0.0
285627.png,0.008547907292336015,-0.800000011920929,0.8500000238418579,0.0
285727.png,0.00855833130945492,-0.800000011920929,0.8500000238418579,0.0
285827.png,0.008558719197961131,-0.800000011920929,0.8500000238418579,0.0
285927.png,0.008554646927055862,-0.800000011920929,0.8500000238418579,0.0
286027.png,0.008555870480500624,-0.800000011920929,0.8500000238418579,0.0
286127.png,0.008568052110218256,-0.800000011920929,0.8500000238418579,0.0
286227.png,0.008557707620075898,-0.800000011920929,0.8500000238418579,0.0
286327.png,0.008559041405451174,-0.800000011920929,0.8500000238418579,0.0
286427.png,0.008548532680940591,-0.800000011920929,0.8500000238418579,0.0
286527.png,0.008551938576278858,-0.800000011920929,0.8500000238418579,0.0
286627.png,0.00855340019122948,-0.800000011920929,0.8500000238418579,0.0
286727.png,0.008539954371703027,-0.800000011920929,0.8500000238418579,0.0
286827.png,0.00854106509563741,-0.800000011920929,0.8500000238418579,0.0
286927.png,0.008541300097891173,-0.800000011920929,0.8500000238418579,0.0
287027.png,0.008526023311649426,-0.800000011920929,0.8500000238418579,0.0
287127.png,0.008532512605513102,-0.800000011920929,0.8500000238418579,0.0
287227.png,0.008534677380881255,-0.800000011920929,0.8500000238418579,0.0
287327.png,0.008558707411112464,-0.800000011920929,0.8500000238418579,0.0
287427.png,0.008560129233037774,-0.800000011920929,0.8500000238418579,0.0
287527.png,0.008554954394956,-0.800000011920929,0.8500000238418579,0.0
287627.png,0.008562234520120468,-0.800000011920929,0.8500000238418579,0.0
287727.png,0.008565368015551205,-0.800000011920929,0.8500000238418579,0.0
287827.png,0.008556395750081304,-0.800000011920929,0.8500000238418579,0.0
287927.png,0.008558459785624637,-0.800000011920929,0.8500000238418579,0.0
288027.png,0.008567822389269928,-0.800000011920929,0.8500000238418579,0.0
288127.png,0.00855481375469623,-0.800000011920929,0.8500000238418579,0.0
288227.png,0.008563695945442425,-0.800000011920929,0.8500000238418579,0.0
288327.png,0.008563375332589135,-0.800000011920929,0.8500000238418579,0.0
288427.png,0.008564371790930754,-0.800000011920929,0.8500000238418579,0.0
288527.png,0.008574619987571301,-0.800000011920929,0.8500000238418579,0.0
288627.png,0.008565507505638828,-0.800000011920929,0.8500000238418579,0.0
288727.png,0.008565764020031593,-0.800000011920929,0.8500000238418579,0.0
288827.png,0.00857048170082572,-0.800000011920929,0.8500000238418579,0.0
288927.png,0.008567387535085576,-0.800000011920929,0.8500000238418579,0.0
289027.png,0.008567292568382835,-0.800000011920929,0.8500000238418579,0.0
289127.png,0.00856768237471727,-0.800000011920929,0.8500000238418579,0.0
289227.png,0.008565552327332755,-0.800000011920929,0.8500000238418579,0.0
289327.png,0.008560563456067061,-0.800000011920929,0.8500000238418579,0.0
289427.png,0.008561159163805161,-0.800000011920929,0.8500000238418579,0.0
289527.png,0.008552297048696677,-0.800000011920929,0.8500000238418579,0.0
289627.png,0.008557870570547103,-0.800000011920929,0.8500000238418579,0.0
289727.png,0.008510295278043752,-0.800000011920929,0.8500000238418579,0.0
289827.png,0.00856227860515154,-0.800000011920929,0.8500000238418579,0.0
289927.png,0.008557380293889742,-0.800000011920929,0.8500000238418579,0.0
290027.png,0.008562508791583866,-0.800000011920929,0.8500000238418579,0.0
290127.png,0.008561179448682458,-0.800000011920929,0.8500000238418579,0.0
290227.png,0.008568072608031947,-0.800000011920929,0.8500000238418579,0.0
290327.png,0.008564622654420982,-0.800000011920929,0.8500000238418579,0.0
290427.png,0.008561778192934267,-0.800000011920929,0.8500000238418579,0.0
290527.png,0.008560328240838957,-0.800000011920929,0.8500000238418579,0.0
290627.png,0.008564324078335598,-0.800000011920929,0.8500000238418579,0.0
290727.png,0.008573900310311378,-0.800000011920929,0.8500000238418579,0.0
290827.png,0.008571733288431202,-0.800000011920929,0.8500000238418579,0.0
290927.png,0.00857880718471504,-0.800000011920929,0.8500000238418579,0.0
291027.png,0.008579127585916333,-0.800000011920929,0.8500000238418579,0.0
291127.png,0.008571660650758078,-0.800000011920929,0.8500000238418579,0.0
291227.png,0.008556065569852321,-0.800000011920929,0.8500000238418579,0.0
291327.png,0.008557952404725011,-0.800000011920929,0.8500000238418579,0.0
291427.png,0.008571174981788368,-0.800000011920929,0.8500000238418579,0.0
291527.png,0.008566583013810844,-0.800000011920929,0.8500000238418579,0.0
291627.png,0.008565955714358591,-0.800000011920929,0.8500000238418579,0.0
291727.png,0.008548821849779877,-0.800000011920929,0.8500000238418579,0.0
291827.png,0.008555630784903375,-0.800000011920929,0.8500000238418579,0.0
292027.png,0.00855534965114025,-0.800000011920929,0.8500000238418579,0.0
291927.png,0.008564068548400017,-0.800000011920929,0.8500000238418579,0.0
292127.png,0.008561496475249022,-0.800000011920929,0.8500000238418579,0.0
292227.png,0.008553245885115883,-0.800000011920929,0.8500000238418579,0.0
292327.png,0.00856289676148886,-0.800000011920929,0.8500000238418579,0.0
292427.png,0.008562465586114402,-0.800000011920929,0.8500000238418579,0.0
292527.png,0.008557851914344378,-0.800000011920929,0.8500000238418579,0.0
292627.png,0.00856657881366176,-0.800000011920929,0.8500000238418579,0.0
292827.png,0.008550097484862504,-0.800000011920929,0.8500000238418579,0.0
292727.png,0.008550060123711435,-0.800000011920929,0.8500000238418579,0.0
292927.png,0.008545881939367977,-0.800000011920929,0.8500000238418579,0.0
293027.png,0.008548908575779314,-0.800000011920929,0.8500000238418579,0.0
293127.png,0.008546826431318955,-0.800000011920929,0.8500000238418579,0.0
293227.png,0.00854165026793507,-0.800000011920929,0.8500000238418579,0.0
293327.png,0.00854091520228789,-0.800000011920929,0.8500000238418579,0.0
293427.png,0.008543259312420275,-0.800000011920929,0.8500000238418579,0.0
293527.png,0.008559885059153406,-0.800000011920929,0.8500000238418579,0.0
293627.png,0.008560966586407467,-0.800000011920929,0.8500000238418579,0.0
293727.png,0.008570493565358913,-0.800000011920929,0.8500000238418579,0.0
293827.png,0.008572208290470269,-0.800000011920929,0.8500000238418579,0.0
293927.png,0.008563456065149045,-0.800000011920929,0.8500000238418579,0.0
294027.png,0.008583243530591811,-0.800000011920929,0.8500000238418579,0.0
294127.png,0.008569469297642048,-0.800000011920929,0.8500000238418579,0.0
294227.png,0.008566404781567654,-0.800000011920929,0.8500000238418579,0.0
294327.png,0.008578429652193445,-0.800000011920929,0.8500000238418579,0.0
294427.png,0.008568247942050728,-0.800000011920929,0.8500000238418579,0.0
294527.png,0.008575088098605702,-0.800000011920929,0.8500000238418579,0.0
294627.png,0.008577179774261975,-0.800000011920929,0.8500000238418579,0.0
294727.png,0.008573968589857449,-0.800000011920929,0.8500000238418579,0.0
294827.png,0.008561067459432645,-0.800000011920929,0.8500000238418579,0.0
294927.png,0.008575175861316372,-0.800000011920929,0.8500000238418579,0.0
295027.png,0.008579169108929939,-0.800000011920929,0.8500000238418579,0.0
295127.png,0.008571893909811066,-0.800000011920929,0.8500000238418579,0.0
295227.png,0.008567361866830015,-0.800000011920929,0.8500000238418579,0.0
295327.png,0.0085527932601174,-0.800000011920929,0.8500000238418579,0.0
295427.png,0.008560437663629657,-0.800000011920929,0.8500000238418579,0.0
295527.png,0.008570392203668738,-0.800000011920929,0.8500000238418579,0.0
295627.png,0.00856765063698931,-0.800000011920929,0.8500000238418579,0.0
295727.png,0.008569013099156763,-0.800000011920929,0.8500000238418579,0.0
295827.png,0.00856477464764712,-0.800000011920929,0.8500000238418579,0.0
295927.png,0.008574088564830227,-0.800000011920929,0.8500000238418579,0.0
296027.png,0.008565365221207617,-0.800000011920929,0.8500000238418579,0.0
296127.png,0.008568397034607829,-0.800000011920929,0.8500000238418579,0.0
296227.png,0.008570034455410219,-0.800000011920929,0.8500000238418579,0.0
296327.png,0.00855732093909266,-0.800000011920929,0.8500000238418579,0.0
296427.png,0.008568382111209197,-0.800000011920929,0.8500000238418579,0.0
296527.png,0.00856706125414779,-0.800000011920929,0.8500000238418579,0.0
296627.png,0.008557139151389146,-0.800000011920929,0.8500000238418579,0.0
296727.png,0.008567239096263684,-0.800000011920929,0.8500000238418579,0.0
296827.png,0.008562041509810986,-0.800000011920929,0.8500000238418579,0.0
296927.png,0.008564787627359226,-0.800000011920929,0.8500000238418579,0.0
297027.png,0.008568784317883273,-0.800000011920929,0.8500000238418579,0.0
297127.png,0.008561857395713666,-0.800000011920929,0.8500000238418579,0.0
297227.png,0.008552046860720272,-0.800000011920929,0.8500000238418579,0.0
297327.png,0.008557158164818933,-0.800000011920929,0.8500000238418579,0.0
297427.png,0.00856100494229036,-0.800000011920929,0.8500000238418579,0.0
297527.png,0.008571374772089059,-0.800000011920929,0.8500000238418579,0.0
297627.png,0.008580308696108483,-0.800000011920929,0.8500000238418579,0.0
297727.png,0.00856570463226113,-0.800000011920929,0.8500000238418579,0.0
297827.png,0.008575761218864103,-0.800000011920929,0.8500000238418579,0.0
297927.png,0.00858550459580802,-0.800000011920929,0.8500000238418579,0.0
298027.png,0.008579580849893836,-0.800000011920929,0.8500000238418579,0.0
298127.png,0.00857731121851492,-0.800000011920929,0.8500000238418579,0.0
298227.png,0.00856889771139537,-0.800000011920929,0.8500000238418579,0.0
298327.png,0.008585103409644003,-0.800000011920929,0.8500000238418579,0.0
298427.png,0.00857039192190699,-0.800000011920929,0.8500000238418579,0.0
298527.png,0.008579240584327222,-0.800000011920929,0.8500000238418579,0.0
298627.png,0.008566172914058978,-0.800000011920929,0.8500000238418579,0.0
298727.png,0.008572201958244985,-0.800000011920929,0.8500000238418579,0.0
298827.png,0.008570855884412842,-0.800000011920929,0.8500000238418579,0.0
298927.png,0.008562600794456893,-0.800000011920929,0.8500000238418579,0.0
299027.png,0.008566800523585943,-0.800000011920929,0.8500000238418579,0.0
299127.png,0.00855071984748162,-0.800000011920929,0.8500000238418579,0.0
299227.png,0.008557671717189491,-0.800000011920929,0.8500000238418579,0.0
299327.png,0.008571339600890836,-0.800000011920929,0.8500000238418579,0.0
299427.png,0.008575356253547118,-0.800000011920929,0.8500000238418579,0.0
299527.png,0.008569872799423435,-0.800000011920929,0.8500000238418579,0.0
299627.png,0.008574923194586559,-0.800000011920929,0.8500000238418579,0.0
299727.png,0.008575185398365144,-0.800000011920929,0.8500000238418579,0.0
299827.png,0.008571923064934709,-0.800000011920929,0.8500000238418579,0.0
299927.png,0.008588610163893938,-0.800000011920929,0.8500000238418579,0.0
300027.png,0.008576235207064969,-0.800000011920929,0.8500000238418579,0.0
300127.png,0.00856990813092934,-0.800000011920929,0.8500000238418579,0.0
300227.png,0.008584219080065476,-0.800000011920929,0.8500000238418579,0.0
300327.png,0.008575243736669524,-0.800000011920929,0.8500000238418579,0.0
300427.png,0.00857339558662273,-0.800000011920929,0.8500000238418579,0.0
300527.png,0.008570730247884784,-0.800000011920929,0.8500000238418579,0.0
300627.png,0.008572716938606215,-0.800000011920929,0.8500000238418579,0.0
300727.png,0.008577447580930167,-0.800000011920929,0.8500000238418579,0.0
300827.png,0.008570606873704015,-0.800000011920929,0.8500000238418579,0.0
300927.png,0.008567973539631972,-0.800000011920929,0.8500000238418579,0.0
301027.png,0.00857332194322927,-0.800000011920929,0.8500000238418579,0.0
301127.png,0.00856908382267504,-0.800000011920929,0.8500000238418579,0.0
301227.png,0.008574096954290794,-0.800000011920929,0.8500000238418579,0.0
301327.png,0.008579865261851838,-0.800000011920929,0.8500000238418579,0.0
301427.png,0.008578321911679843,-0.800000011920929,0.8500000238418579,0.0
301527.png,0.008584242627439308,-0.800000011920929,0.8500000238418579,0.0
301627.png,0.008587183115025777,-0.800000011920929,0.8500000238418579,0.0
301727.png,0.008586480287170087,-0.800000011920929,0.8500000238418579,0.0
301827.png,0.008574919725087176,-0.800000011920929,0.8500000238418579,0.0
301927.png,0.008576124825002968,-0.800000011920929,0.8500000238418579,0.0
302027.png,0.008566900916793328,-0.800000011920929,0.8500000238418579,0.0
302127.png,0.008577290255720828,-0.800000011920929,0.8500000238418579,0.0
302227.png,0.00856865952176182,-0.800000011920929,0.8500000238418579,0.0
302327.png,0.008558023546361286,-0.800000011920929,0.8500000238418579,0.0
302427.png,0.008574622657348721,-0.800000011920929,0.8500000238418579,0.0
302527.png,0.008572326510525263,-0.800000011920929,0.8500000238418579,0.0
302627.png,0.008568838283834678,-0.800000011920929,0.8500000238418579,0.0
302727.png,0.008558393012488816,-0.800000011920929,0.8500000238418579,0.0
302827.png,0.008574239697004226,-0.800000011920929,0.8500000238418579,0.0
302927.png,0.008589884576070959,-0.800000011920929,0.8500000238418579,0.0
303027.png,0.008582243940283788,-0.800000011920929,0.8500000238418579,0.0
303127.png,0.008572577658171359,-0.800000011920929,0.8500000238418579,0.0
303227.png,0.008583412312417053,-0.800000011920929,0.8500000238418579,0.0
303327.png,0.00858215871738351,-0.800000011920929,0.8500000238418579,0.0
303427.png,0.008582533581882157,-0.800000011920929,0.8500000238418579,0.0
303527.png,0.008580932362859195,-0.800000011920929,0.8500000238418579,0.0
303627.png,0.008576176604787804,-0.800000011920929,0.8500000238418579,0.0
303727.png,0.0085764654977489,-0.800000011920929,0.8500000238418579,0.0
303827.png,0.008580936205054264,-0.800000011920929,0.8500000238418579,0.0
303927.png,0.00857301307169622,-0.800000011920929,0.8500000238418579,0.0
304027.png,0.008578597165212235,-0.800000011920929,0.8500000238418579,0.0
304127.png,0.00857426067341146,-0.800000011920929,0.8500000238418579,0.0
304227.png,0.008579022540819128,-0.800000011920929,0.8500000238418579,0.0
304327.png,0.008572113967951652,-0.800000011920929,0.8500000238418579,0.0
304427.png,0.008580219810922895,-0.800000011920929,0.8500000238418579,0.0
304527.png,0.008580228315440593,-0.800000011920929,0.8500000238418579,0.0
304627.png,0.008576048504081961,-0.800000011920929,0.8500000238418579,0.0
304727.png,0.008581221992890128,-0.800000011920929,0.8500000238418579,0.0
304827.png,0.008565018674303185,-0.800000011920929,0.8500000238418579,0.0
304927.png,0.008559800739572762,-0.800000011920929,0.8500000238418579,0.0
305027.png,0.008551838321692123,-0.800000011920929,0.8500000238418579,0.0
305127.png,0.008551497991463725,-0.800000011920929,0.8500000238418579,0.0
305227.png,0.00855587388398595,-0.800000011920929,0.8500000238418579,0.0
305327.png,0.008558998008165168,-0.800000011920929,0.8500000238418579,0.0
305427.png,0.008565436159309449,-0.800000011920929,0.8500000238418579,0.0
305527.png,0.00857602344926951,-0.800000011920929,0.8500000238418579,0.0
305627.png,0.008575853847738148,-0.800000011920929,0.8500000238418579,0.0
305727.png,0.008581636489936244,-0.800000011920929,0.8500000238418579,0.0
305827.png,0.008579739450465038,-0.800000011920929,0.8500000238418579,0.0
305927.png,0.008573245836964324,-0.800000011920929,0.8500000238418579,0.0
306027.png,0.008581769957390668,-0.800000011920929,0.8500000238418579,0.0
306127.png,0.008577569733224683,-0.800000011920929,0.8500000238418579,0.0
306227.png,0.00858249053887265,-0.800000011920929,0.8500000238418579,0.0
306327.png,0.008587993637382529,-0.800000011920929,0.8500000238418579,0.0
306427.png,0.008583954705743461,-0.800000011920929,0.8500000238418579,0.0
306527.png,0.008591635463080198,-0.800000011920929,0.8500000238418579,0.0
306627.png,0.00858501918486973,-0.800000011920929,0.8500000238418579,0.0
306727.png,0.008580040581878924,-0.800000011920929,0.8500000238418579,0.0
306827.png,0.008580927679060232,-0.800000011920929,0.8500000238418579,0.0
306927.png,0.008591597525251383,-0.800000011920929,0.8500000238418579,0.0
307027.png,0.008595807291665066,-0.800000011920929,0.8500000238418579,0.0
307127.png,0.008583537782017394,-0.800000011920929,0.8500000238418579,0.0
307227.png,0.008578927178849954,-0.800000011920929,0.8500000238418579,0.0
307327.png,0.008572775048162886,-0.800000011920929,0.8500000238418579,0.0
307427.png,0.008576579899888134,-0.800000011920929,0.8500000238418579,0.0
307527.png,0.008578936255820289,-0.800000011920929,0.8500000238418579,0.0
307627.png,0.008579390295902396,-0.800000011920929,0.8500000238418579,0.0
307727.png,0.008567642993944233,-0.800000011920929,0.8500000238418579,0.0
307827.png,0.008553022866353949,-0.800000011920929,0.8500000238418579,0.0
307927.png,0.008556804330221882,-0.800000011920929,0.8500000238418579,0.0
308027.png,0.00854733375099685,-0.800000011920929,0.8500000238418579,0.0
308127.png,0.008556513980750543,-0.800000011920929,0.8500000238418579,0.0
308227.png,0.008559123689310883,-0.800000011920929,0.8500000238418579,0.0
308327.png,0.00857763381098401,-0.800000011920929,0.8500000238418579,0.0
308427.png,0.008571465948606475,-0.800000011920929,0.8500000238418579,0.0
308527.png,0.008577066343910438,-0.800000011920929,0.8500000238418579,0.0
308627.png,0.008580807839639205,-0.800000011920929,0.8500000238418579,0.0
308727.png,0.008576993560370883,-0.800000011920929,0.8500000238418579,0.0
308827.png,0.008573604419224974,-0.800000011920929,0.8500000238418579,0.0
308927.png,0.008575010510750443,-0.800000011920929,0.8500000238418579,0.0
309027.png,0.008580256227768002,-0.800000011920929,0.8500000238418579,0.0
309127.png,0.008580537495769574,-0.800000011920929,0.8500000238418579,0.0
309227.png,0.00859750865999552,-0.800000011920929,0.8500000238418579,0.0
309327.png,0.00858744317352979,-0.800000011920929,0.8500000238418579,0.0
309427.png,0.008568437790280001,-0.800000011920929,0.8500000238418579,0.0
309527.png,0.008577762564496275,-0.800000011920929,0.8500000238418579,0.0
309627.png,0.008583113945948044,-0.800000011920929,0.8500000238418579,0.0
309727.png,0.00857966861658624,-0.800000011920929,0.8500000238418579,0.0
309827.png,0.008574207001361467,-0.800000011920929,0.8500000238418579,0.0
309927.png,0.008574929408020666,-0.800000011920929,0.8500000238418579,0.0
310027.png,0.008574480973913308,-0.800000011920929,0.8500000238418579,0.0
310127.png,0.008578762859851192,-0.800000011920929,0.8500000238418579,0.0
310227.png,0.008582707740657334,-0.800000011920929,0.8500000238418579,0.0
310327.png,0.008576512942806981,-0.800000011920929,0.8500000238418579,0.0
310427.png,0.008569823381163128,-0.800000011920929,0.8500000238418579,0.0
310527.png,0.00858408309323422,-0.800000011920929,0.8500000238418579,0.0
310627.png,0.008575469034565783,-0.800000011920929,0.8500000238418579,0.0
310727.png,0.008573693258388203,-0.800000011920929,0.8500000238418579,0.0
310827.png,0.008580657004250168,-0.800000011920929,0.8500000238418579,0.0
310927.png,0.00856970074764922,-0.800000011920929,0.8500000238418579,0.0
311027.png,0.008570860856246525,-0.800000011920929,0.8500000238418579,0.0
311127.png,0.00858629912041434,-0.800000011920929,0.8500000238418579,0.0
311227.png,0.008563636545066436,-0.800000011920929,0.8500000238418579,0.0
311327.png,0.008581210004414542,-0.800000011920929,0.8500000238418579,0.0
311427.png,0.008591370794586457,-0.800000011920929,0.8500000238418579,0.0
311527.png,0.008583617284762349,-0.800000011920929,0.8500000238418579,0.0
311627.png,0.008587232563334003,-0.800000011920929,0.8500000238418579,0.0
311727.png,0.008574562940520567,-0.800000011920929,0.8500000238418579,0.0
311827.png,0.008586145689482445,-0.800000011920929,0.8500000238418579,0.0
311927.png,0.008593148842106251,-0.800000011920929,0.8500000238418579,0.0
312027.png,0.008591125080203568,-0.800000011920929,0.8500000238418579,0.0
312127.png,0.008577567458127646,-0.800000011920929,0.8500000238418579,0.0
312227.png,0.008567697181118933,-0.800000011920929,0.8500000238418579,0.0
312327.png,0.00856432112028007,-0.800000011920929,0.8500000238418579,0.0
312427.png,0.008561478171432366,-0.800000011920929,0.8500000238418579,0.0
312527.png,0.008559231270272187,-0.800000011920929,0.8500000238418579,0.0
312627.png,0.00855547215361065,-0.800000011920929,0.8500000238418579,0.0
312727.png,0.008559568976685472,-0.800000011920929,0.8500000238418579,0.0
312827.png,0.00855637985882198,-0.800000011920929,0.8500000238418579,0.0
312927.png,0.008550851010172993,-0.800000011920929,0.8500000238418579,0.0
313027.png,0.008560088327951474,-0.800000011920929,0.8500000238418579,0.0
313127.png,0.008565545971178532,-0.800000011920929,0.8500000238418579,0.0
313327.png,0.008591590370959277,-0.800000011920929,0.8500000238418579,0.0
313227.png,0.008582502270754303,-0.800000011920929,0.8500000238418579,0.0
313427.png,0.008596086461807692,-0.800000011920929,0.8500000238418579,0.0
313527.png,0.008572930731140358,-0.800000011920929,0.8500000238418579,0.0
313627.png,0.008559974697521008,-0.800000011920929,0.8500000238418579,0.0
313727.png,0.008568274644606258,-0.800000011920929,0.8500000238418579,0.0
313827.png,0.008584218539292372,-0.800000011920929,0.8500000238418579,0.0
313927.png,0.00856521593201601,-0.800000011920929,0.8500000238418579,0.0
314027.png,0.008564978806489328,-0.800000011920929,0.8500000238418579,0.0
314127.png,0.008585692747432807,-0.800000011920929,0.8500000238418579,0.0
314227.png,0.008567824395679246,-0.800000011920929,0.8500000238418579,0.0
314327.png,0.00856433967226731,-0.800000011920929,0.8500000238418579,0.0
314427.png,0.008591195816499284,-0.800000011920929,0.8500000238418579,0.0
314527.png,0.008568296185605381,-0.800000011920929,0.8500000238418579,0.0
314627.png,0.008583023156432015,-0.800000011920929,0.8500000238418579,0.0
314727.png,0.008571595407076188,-0.800000011920929,0.8500000238418579,0.0
314827.png,0.008573198786596768,-0.800000011920929,0.8500000238418579,0.0
314927.png,0.00856022982621491,-0.800000011920929,0.8500000238418579,0.0
315027.png,0.00857545891035183,-0.800000011920929,0.8500000238418579,0.0
315127.png,0.008577382487087898,-0.800000011920929,0.8500000238418579,0.0
315227.png,0.00858321856335902,-0.800000011920929,0.8500000238418579,0.0
315327.png,0.00858004884127715,-0.800000011920929,0.8500000238418579,0.0
315427.png,0.008569758880254151,-0.800000011920929,0.8500000238418579,0.0
315527.png,0.00857919066374722,-0.800000011920929,0.8500000238418579,0.0
315627.png,0.008582908608832773,-0.800000011920929,0.8500000238418579,0.0
315727.png,0.008574600631948032,-0.800000011920929,0.8500000238418579,0.0
315827.png,0.008578762879798824,-0.800000011920929,0.8500000238418579,0.0
316027.png,0.004388330346836596,-0.800000011920929,0.8500000238418579,0.0
315927.png,0.003077834865790226,-0.800000011920929,0.8500000238418579,0.0
316127.png,0.0024196860806827607,-0.800000011920929,0.8500000238418579,0.0
316227.png,0.0014550561378081932,-0.800000011920929,0.8500000238418579,0.0
316327.png,0.0012483680833944564,-0.800000011920929,0.8500000238418579,0.0
316427.png,0.0033252346324129005,-0.800000011920929,0.8500000238418579,0.0
316527.png,0.0021877042543092516,-0.800000011920929,0.8500000238418579,0.0
316627.png,0.0008588944898665948,-0.800000011920929,0.8500000238418579,0.0
316727.png,0.0007304250058591632,-0.800000011920929,0.8500000238418579,0.0
316827.png,0.0008003852856305681,-0.800000011920929,0.8500000238418579,0.0
316927.png,0.002432711828438899,-0.800000011920929,0.8500000238418579,0.0
317027.png,0.0007872461928725027,-0.800000011920929,0.8500000238418579,0.0
317127.png,0.0008152399469603282,-0.800000011920929,0.8500000238418579,0.0
317227.png,0.0005425592706315818,-0.800000011920929,0.8500000238418579,0.0
317327.png,0.0030447276277420846,-0.800000011920929,0.8500000238418579,0.0
317427.png,0.00104329836648358,-0.800000011920929,0.8500000238418579,0.0
317527.png,0.0008168621469969873,-0.800000011920929,0.8500000238418579,0.0
317627.png,0.0009251153886280438,-0.800000011920929,0.8500000238418579,0.0
317727.png,0.0036674260502655522,-0.800000011920929,0.8500000238418579,0.0
317827.png,0.001461396726969204,-0.800000011920929,0.8500000238418579,0.0
317927.png,0.0007293216806469713,-0.800000011920929,0.8500000238418579,0.0
318027.png,0.0007043631050179712,-0.800000011920929,0.8500000238418579,0.0
318127.png,0.004336258804160609,-0.800000011920929,0.8500000238418579,0.0
318227.png,0.002044382597724142,-0.800000011920929,0.8500000238418579,0.0
318327.png,0.0007122234098108966,-0.800000011920929,0.8500000238418579,0.0
318427.png,0.0006361126155015153,-0.800000011920929,0.8500000238418579,0.0
318527.png,0.0033448708133132434,-0.800000011920929,0.8500000238418579,0.0
318627.png,0.0022860900584916978,-0.800000011920929,0.8500000238418579,0.0
318727.png,0.0006840682654451297,-0.800000011920929,0.8500000238418579,0.0
318827.png,0.000724841664936403,-0.800000011920929,0.8500000238418579,0.0
318927.png,0.0007670543801356625,-0.800000011920929,0.8500000238418579,0.0
319027.png,0.0023957498246165664,-0.800000011920929,0.8500000238418579,0.0
319127.png,0.0007364773373090718,-0.800000011920929,0.8500000238418579,0.0
319227.png,0.0008167494239123765,-0.800000011920929,0.8500000238418579,0.0
319327.png,0.0007883119828081389,-0.800000011920929,0.8500000238418579,0.0
319427.png,0.0028857449989677787,-0.800000011920929,0.8500000238418579,0.0
319527.png,0.0009528363284832096,-0.800000011920929,0.8500000238418579,0.0
319627.png,0.0007249135892479748,-0.800000011920929,0.8500000238418579,0.0
319727.png,0.0009501988037992052,-0.800000011920929,0.8500000238418579,0.0
319927.png,0.001171130587993599,-0.800000011920929,0.8500000238418579,0.0
319827.png,0.0036660587427858535,-0.800000011920929,0.8500000238418579,0.0
320027.png,0.0007187832702192014,-0.800000011920929,0.8500000238418579,0.0
320127.png,0.0007463253505872264,-0.800000011920929,0.8500000238418579,0.0
320227.png,0.0043169310999272865,-0.800000011920929,0.8500000238418579,0.0
320327.png,0.00189970232590026,-0.800000011920929,0.8500000238418579,0.0
320427.png,0.0007306236230107238,-0.800000011920929,0.8500000238418579,0.0
320527.png,0.0008161487471364688,-0.800000011920929,0.8500000238418579,0.0
320627.png,0.0034027997177338005,-0.800000011920929,0.8500000238418579,0.0
320727.png,0.0020844335809703848,-0.800000011920929,0.8500000238418579,0.0
320827.png,0.0007444842430406606,-0.800000011920929,0.8500000238418579,0.0
320927.png,0.000696759056036331,-0.800000011920929,0.8500000238418579,0.0
321027.png,0.0007925527483403678,-0.800000011920929,0.8500000238418579,0.0
321127.png,0.002341158073289403,-0.800000011920929,0.8500000238418579,0.0
321227.png,0.0007390166018758911,-0.800000011920929,0.8500000238418579,0.0
321327.png,0.00089286346500401,-0.800000011920929,0.8500000238418579,0.0
321427.png,0.0008502017644592356,-0.800000011920929,0.8500000238418579,0.0
321527.png,0.0029557172705711957,-0.800000011920929,0.8500000238418579,0.0
321627.png,0.0007542751635595073,-0.800000011920929,0.8500000238418579,0.0
321727.png,0.0006877569272411886,-0.800000011920929,0.8500000238418579,0.0
321827.png,0.0006621426975829968,-0.800000011920929,0.8500000238418579,0.0
321927.png,0.0035951116467315,-0.800000011920929,0.8500000238418579,0.0
322027.png,0.0011573494642599196,-0.800000011920929,0.8500000238418579,0.0
322127.png,0.0007267455897289508,-0.800000011920929,0.8500000238418579,0.0
322227.png,0.0009152777083592408,-0.800000011920929,0.8500000238418579,0.0
322327.png,0.004429192453759364,-0.800000011920929,0.8500000238418579,0.0
322427.png,0.0016173461109065992,-0.800000011920929,0.8500000238418579,0.0
322527.png,0.0007133041268233759,-0.800000011920929,0.8500000238418579,0.0
322627.png,0.0008299770385322407,-0.800000011920929,0.8500000238418579,0.0
322727.png,0.00342777665353032,-0.800000011920929,0.8500000238418579,0.0
322827.png,0.0020220800025633817,-0.800000011920929,0.8500000238418579,0.0
322927.png,0.0007486544240741205,-0.800000011920929,0.8500000238418579,0.0
323027.png,0.0006924030518290535,-0.800000011920929,0.8500000238418579,0.0
323127.png,0.0007438884177169587,-0.800000011920929,0.8500000238418579,0.0
323227.png,0.0023067378628218753,-0.800000011920929,0.8500000238418579,0.0
323327.png,0.0007451476934165355,-0.800000011920929,0.8500000238418579,0.0
323427.png,0.0008325687364854162,-0.800000011920929,0.8500000238418579,0.0
323527.png,0.0006790724997845714,-0.800000011920929,0.8500000238418579,0.0
323627.png,0.002904122118754552,-0.800000011920929,0.8500000238418579,0.0
323727.png,0.0007189268896161087,-0.800000011920929,0.8500000238418579,0.0
323827.png,0.0007945371457554263,-0.800000011920929,0.8500000238418579,0.0
323927.png,0.0007498635729551371,-0.800000011920929,0.8500000238418579,0.0
324027.png,0.0038113063134721445,-0.800000011920929,0.8500000238418579,0.0
324127.png,0.0011623989768105424,-0.800000011920929,0.8500000238418579,0.0
324227.png,0.0005837443574277175,-0.800000011920929,0.8500000238418579,0.0
324327.png,0.000865182821493125,-0.800000011920929,0.8500000238418579,0.0
324427.png,0.004323533211384239,-0.800000011920929,0.8500000238418579,0.0
324527.png,0.001677846649990864,-0.800000011920929,0.8500000238418579,0.0
324627.png,0.0006909850060370851,-0.800000011920929,0.8500000238418579,0.0
324727.png,0.0007767708529176395,-0.800000011920929,0.8500000238418579,0.0
324827.png,0.003297742044611569,-0.800000011920929,0.8500000238418579,0.0
324927.png,0.0021824686396719945,-0.800000011920929,0.8500000238418579,0.0
325027.png,0.0006852379983208434,-0.800000011920929,0.8500000238418579,0.0
325127.png,0.0008172117448764403,-0.800000011920929,0.8500000238418579,0.0
325227.png,0.0008138680073897254,-0.800000011920929,0.8500000238418579,0.0
325327.png,0.0024228507326947537,-0.800000011920929,0.8500000238418579,0.0
325427.png,0.000502268539001123,-0.800000011920929,0.8500000238418579,0.0
325527.png,0.0008208736916623648,-0.800000011920929,0.8500000238418579,0.0
325627.png,0.0007747665170674298,-0.800000011920929,0.8500000238418579,0.0
325727.png,0.0028822014878785223,-0.800000011920929,0.8500000238418579,0.0
325827.png,0.0006814990371092971,-0.800000011920929,0.8500000238418579,0.0
325927.png,0.0008220763645429296,-0.800000011920929,0.8500000238418579,0.0
326027.png,0.000788670541817547,-0.800000011920929,0.8500000238418579,0.0
326127.png,0.0035813913477990267,-0.800000011920929,0.8500000238418579,0.0
326227.png,0.0012256978265772738,-0.800000011920929,0.8500000238418579,0.0
326327.png,0.0006721788548711816,-0.800000011920929,0.8500000238418579,0.0
326427.png,0.0009354052977475702,-0.800000011920929,0.8500000238418579,0.0
326527.png,0.004459096578273479,-0.800000011920929,0.8500000238418579,0.0
326627.png,0.0015341422632174453,-0.800000011920929,0.8500000238418579,0.0
326727.png,0.0006960850749226704,-0.800000011920929,0.8500000238418579,0.0
326827.png,0.0009464396310992762,-0.800000011920929,0.8500000238418579,0.0
326927.png,0.0034500236426193783,-0.800000011920929,0.8500000238418579,0.0
327027.png,0.0018916417867456403,-0.800000011920929,0.8500000238418579,0.0
327127.png,0.0006062507148722513,-0.800000011920929,0.8500000238418579,0.0
327227.png,0.0007964745736632238,-0.800000011920929,0.8500000238418579,0.0
327327.png,0.000914870518190383,-0.800000011920929,0.8500000238418579,0.0
327427.png,0.0023472610870986558,-0.800000011920929,0.8500000238418579,0.0
327527.png,0.0006722642811235172,-0.800000011920929,0.8500000238418579,0.0
327627.png,0.0008580142340892642,-0.800000011920929,0.8500000238418579,0.0
327727.png,0.0008233821477158782,-0.800000011920929,0.8500000238418579,0.0
327827.png,0.002889677804946091,-0.800000011920929,0.8500000238418579,0.0
327927.png,0.0006702085735094373,-0.800000011920929,0.8500000238418579,0.0
328027.png,0.0008385410464817774,-0.800000011920929,0.8500000238418579,0.0
328127.png,0.000821688501922193,-0.800000011920929,0.8500000238418579,0.0
328227.png,0.0035194686208156667,-0.800000011920929,0.8500000238418579,0.0
328327.png,0.0007762184392174558,-0.800000011920929,0.8500000238418579,0.0
328427.png,0.0008144606628118147,-0.800000011920929,0.8500000238418579,0.0
328527.png,0.0009215361860281043,-0.800000011920929,0.8500000238418579,0.0
328627.png,0.004445730061154685,-0.800000011920929,0.8500000238418579,0.0
328727.png,0.0017488385962879265,-0.800000011920929,0.8500000238418579,0.0
328827.png,0.0007139363874327964,-0.800000011920929,0.8500000238418579,0.0
328927.png,0.000954194509713334,-0.800000011920929,0.8500000238418579,0.0
329027.png,0.003370058855235006,-0.800000011920929,0.8500000238418579,0.0
329127.png,0.002121617672763407,-0.800000011920929,0.8500000238418579,0.0
329227.png,0.000596788906444918,-0.800000011920929,0.8500000238418579,0.0
329327.png,0.000719731675947493,-0.800000011920929,0.8500000238418579,0.0
329427.png,0.0009105262382732039,-0.800000011920929,0.8500000238418579,0.0
329527.png,0.002340137390505039,-0.800000011920929,0.8500000238418579,0.0
329627.png,0.0006393234328168338,-0.800000011920929,0.8500000238418579,0.0
329727.png,0.0008393626365708955,-0.800000011920929,0.8500000238418579,0.0
329827.png,0.0008056912574387711,-0.800000011920929,0.8500000238418579,0.0
329927.png,0.0027609298500092284,-0.800000011920929,0.8500000238418579,0.0
330027.png,0.000650620733788312,-0.800000011920929,0.8500000238418579,0.0
330127.png,0.0008213312614158551,-0.800000011920929,0.8500000238418579,0.0
330227.png,0.0006796075137217791,-0.800000011920929,0.8500000238418579,0.0
330327.png,0.003500121477365238,-0.800000011920929,0.8500000238418579,0.0
330427.png,0.0009047679379933093,-0.800000011920929,0.8500000238418579,0.0
330527.png,0.0007787844106080086,-0.800000011920929,0.8500000238418579,0.0
330627.png,0.0007818504034992913,-0.800000011920929,0.8500000238418579,0.0
330727.png,0.00443832101105559,-0.800000011920929,0.8500000238418579,0.0
330827.png,0.0013285715955157025,-0.800000011920929,0.8500000238418579,0.0
330927.png,0.0007359090234428802,-0.800000011920929,0.8500000238418579,0.0
331027.png,0.0008409191821808217,-0.800000011920929,0.8500000238418579,0.0
331127.png,0.003444344320184822,-0.800000011920929,0.8500000238418579,0.0
331227.png,0.001912626761519129,-0.800000011920929,0.8500000238418579,0.0
331327.png,0.0007537997936476282,-0.800000011920929,0.8500000238418579,0.0
331427.png,0.000921325039193392,-0.800000011920929,0.8500000238418579,0.0
331627.png,0.002160672822066971,-0.800000011920929,0.8500000238418579,0.0
331527.png,0.0008095268698913779,-0.800000011920929,0.8500000238418579,0.0
331727.png,0.0005839179754821743,-0.800000011920929,0.8500000238418579,0.0
331827.png,0.0008569410240419845,-0.800000011920929,0.8500000238418579,0.0
331927.png,0.0007997759753738973,-0.800000011920929,0.8500000238418579,0.0
332027.png,0.002910461914831171,-0.800000011920929,0.8500000238418579,0.0
332127.png,0.0006367766891610504,-0.800000011920929,0.8500000238418579,0.0
332227.png,0.000909878289751153,-0.800000011920929,0.8500000238418579,0.0
332327.png,0.0009448606241095835,-0.800000011920929,0.8500000238418579,0.0
332427.png,0.003538441253916221,-0.800000011920929,0.8500000238418579,0.0
332527.png,0.001191156572515429,-0.800000011920929,0.8500000238418579,0.0
332627.png,0.0007855683004549929,-0.800000011920929,0.8500000238418579,0.0
332727.png,0.0009260657755294562,-0.800000011920929,0.8500000238418579,0.0
332827.png,0.004390122456080647,-0.800000011920929,0.8500000238418579,0.0
332927.png,0.0012743705782994167,-0.800000011920929,0.8500000238418579,0.0
333027.png,0.0007646497025988453,-0.800000011920929,0.8500000238418579,0.0
333127.png,0.0007384095779558847,-0.800000011920929,0.8500000238418579,0.0
333227.png,0.0034781686639899856,-0.800000011920929,0.8500000238418579,0.0
333327.png,0.002120892779004681,-0.800000011920929,0.8500000238418579,0.0
333427.png,0.0007244004987688528,-0.800000011920929,0.8500000238418579,0.0
333527.png,0.0008354886533110449,-0.800000011920929,0.8500000238418579,0.0
333627.png,0.0008378134144255527,-0.800000011920929,0.8500000238418579,0.0
333727.png,0.002139690134648028,-0.800000011920929,0.8500000238418579,0.0
333827.png,0.0005817025711859343,-0.800000011920929,0.8500000238418579,0.0
334027.png,0.0008121415063348952,-0.800000011920929,0.8500000238418579,0.0
333927.png,0.0008163638227546591,-0.800000011920929,0.8500000238418579,0.0
334127.png,0.002892342981500095,-0.800000011920929,0.8500000238418579,0.0
334227.png,0.00063466697636956,-0.800000011920929,0.8500000238418579,0.0
334327.png,0.0007680296559259466,-0.800000011920929,0.8500000238418579,0.0
334427.png,0.000682822478575753,-0.800000011920929,0.8500000238418579,0.0
334527.png,0.0034802901410392415,-0.800000011920929,0.8500000238418579,0.0
334627.png,0.0009343204400925052,-0.800000011920929,0.8500000238418579,0.0
334727.png,0.0009247695945904463,-0.800000011920929,0.8500000238418579,0.0
334827.png,0.000919591674378045,-0.800000011920929,0.8500000238418579,0.0
334927.png,0.004405802495006066,-0.800000011920929,0.8500000238418579,0.0
335027.png,0.0013693426301981317,-0.800000011920929,0.8500000238418579,0.0
335127.png,0.0007770947912641663,-0.800000011920929,0.8500000238418579,0.0
335227.png,0.0008694689869665588,-0.800000011920929,0.8500000238418579,0.0
335327.png,0.003380994554080967,-0.800000011920929,0.8500000238418579,0.0
335427.png,0.0020695311268174948,-0.800000011920929,0.8500000238418579,0.0
335527.png,0.0007480481276527163,-0.800000011920929,0.8500000238418579,0.0
335627.png,0.0006266711318181266,-0.800000011920929,0.8500000238418579,0.0
335727.png,0.0007665193877889305,-0.800000011920929,0.8500000238418579,0.0
335827.png,0.002151470811400164,-0.800000011920929,0.8500000238418579,0.0
335927.png,0.0005811034385351433,-0.800000011920929,0.8500000238418579,0.0
336027.png,0.0008634978410605677,-0.800000011920929,0.8500000238418579,0.0
336127.png,0.0007043227325806319,-0.800000011920929,0.8500000238418579,0.0
336227.png,0.002831395726896316,-0.800000011920929,0.8500000238418579,0.0
336327.png,0.0006071795936120766,-0.800000011920929,0.8500000238418579,0.0
336427.png,0.0007947207312097338,-0.800000011920929,0.8500000238418579,0.0
336527.png,0.000761005511580726,-0.800000011920929,0.8500000238418579,0.0
336627.png,0.003763387756397225,-0.800000011920929,0.8500000238418579,0.0
336727.png,0.0007697048043233655,-0.800000011920929,0.8500000238418579,0.0
336827.png,0.0007273446951037047,-0.800000011920929,0.8500000238418579,0.0
336927.png,0.0009355133592942538,-0.800000011920929,0.8500000238418579,0.0
337027.png,0.004320301327080309,-0.800000011920929,0.8500000238418579,0.0
337127.png,0.0013116816330095275,-0.800000011920929,0.8500000238418579,0.0
337227.png,0.0006945734078313453,-0.800000011920929,0.8500000238418579,0.0
337327.png,0.0007723477943883821,-0.800000011920929,0.8500000238418579,0.0
337427.png,0.0034265261418890427,-0.800000011920929,0.8500000238418579,0.0
337527.png,0.0021316445394201963,-0.800000011920929,0.8500000238418579,0.0
337627.png,0.000741242110475108,-0.800000011920929,0.8500000238418579,0.0
337727.png,0.000858973798005844,-0.800000011920929,0.8500000238418579,0.0
337827.png,0.0007039402139460098,-0.800000011920929,0.8500000238418579,0.0
337927.png,0.0023506292864057324,-0.800000011920929,0.8500000238418579,0.0
338027.png,0.0007035213567085264,-0.800000011920929,0.8500000238418579,0.0
338127.png,0.00074642820198245,-0.800000011920929,0.8500000238418579,0.0
338227.png,0.0009133983050344568,-0.800000011920929,0.8500000238418579,0.0
338327.png,0.0027281661173732567,-0.800000011920929,0.8500000238418579,0.0
338427.png,0.0006894720410870929,-0.800000011920929,0.8500000238418579,0.0
338527.png,0.0007357132638716444,-0.800000011920929,0.8500000238418579,0.0
338627.png,0.0008695530096700109,-0.800000011920929,0.8500000238418579,0.0
338727.png,0.003389327100642323,-0.800000011920929,0.8500000238418579,0.0
338827.png,0.000850229654840509,-0.800000011920929,0.8500000238418579,0.0
338927.png,0.0007360438666628235,-0.800000011920929,0.8500000238418579,0.0
339027.png,0.0009528176689818578,-0.800000011920929,0.8500000238418579,0.0
339127.png,0.0044002647623078,-0.800000011920929,0.8500000238418579,0.0
339227.png,0.0015548398912841948,-0.800000011920929,0.8500000238418579,0.0
339327.png,0.000787882593577597,-0.800000011920929,0.8500000238418579,0.0
339427.png,0.0008069739105140636,-0.800000011920929,0.8500000238418579,0.0
339527.png,0.003300615996607822,-0.800000011920929,0.8500000238418579,0.0
339627.png,0.001857485765046985,-0.800000011920929,0.8500000238418579,0.0
339727.png,0.0006831708806311861,-0.800000011920929,0.8500000238418579,0.0
339827.png,0.0007498268711987478,-0.800000011920929,0.8500000238418579,0.0
339927.png,0.0006487703553017779,-0.800000011920929,0.8500000238418579,0.0
340027.png,0.0021384812931325927,-0.800000011920929,0.8500000238418579,0.0
340127.png,0.0005817163128551758,-0.800000011920929,0.8500000238418579,0.0
340227.png,0.0008692117470570147,-0.800000011920929,0.8500000238418579,0.0
340327.png,0.0009310669784567933,-0.800000011920929,0.8500000238418579,0.0
340427.png,0.002854006769910415,-0.800000011920929,0.8500000238418579,0.0
340527.png,0.0005305771509057925,-0.800000011920929,0.8500000238418579,0.0
340627.png,0.0008295016231480187,-0.800000011920929,0.8500000238418579,0.0
340727.png,0.00077178344802752,-0.800000011920929,0.8500000238418579,0.0
340827.png,0.003472045684422824,-0.800000011920929,0.8500000238418579,0.0
340927.png,0.0007481279753427697,-0.800000011920929,0.8500000238418579,0.0
341027.png,0.0008132270970644661,-0.800000011920929,0.8500000238418579,0.0
341127.png,0.0007646717887114076,-0.800000011920929,0.8500000238418579,0.0
341227.png,0.004518566003706801,-0.800000011920929,0.8500000238418579,0.0
341327.png,0.0020503808427665476,-0.800000011920929,0.8500000238418579,0.0
341427.png,0.000509331677143737,-0.800000011920929,0.8500000238418579,0.0
341527.png,0.0007879143538911183,-0.800000011920929,0.8500000238418579,0.0
341627.png,0.0030682247066832927,-0.800000011920929,0.8500000238418579,0.0
341727.png,0.0020289847721384987,-0.800000011920929,0.8500000238418579,0.0
341827.png,0.0007262096321666615,-0.800000011920929,0.8500000238418579,0.0
342027.png,0.0005040109586324086,-0.800000011920929,0.8500000238418579,0.0
341927.png,0.0005514108850632225,-0.800000011920929,0.8500000238418579,0.0
342127.png,0.0025817786354633146,-0.800000011920929,0.8500000238418579,0.0
342227.png,0.0007201746087889142,-0.800000011920929,0.8500000238418579,0.0
342327.png,0.0006315844994759492,-0.800000011920929,0.8500000238418579,0.0
342427.png,0.0006561317842278663,-0.800000011920929,0.8500000238418579,0.0
342527.png,0.002907638233440057,-0.800000011920929,0.8500000238418579,0.0
342627.png,0.0006731056416730769,-0.800000011920929,0.8500000238418579,0.0
342727.png,0.0005794127035707322,-0.800000011920929,0.8500000238418579,0.0
342827.png,0.0005893681564200113,-0.800000011920929,0.8500000238418579,0.0
342927.png,0.0038500154477206215,-0.800000011920929,0.8500000238418579,0.0
343027.png,0.0011918697627379422,-0.800000011920929,0.8500000238418579,0.0
343127.png,0.0005621123507464283,-0.800000011920929,0.8500000238418579,0.0
343227.png,0.0005122341903305217,-0.800000011920929,0.8500000238418579,0.0
343327.png,0.004562885772510354,-0.800000011920929,0.8500000238418579,0.0
343427.png,0.002077019439475032,-0.800000011920929,0.8500000238418579,0.0
343527.png,0.0007463491203999493,-0.800000011920929,0.8500000238418579,0.0
343627.png,0.0006138181135466254,-0.800000011920929,0.8500000238418579,0.0
343727.png,0.003734677815468062,-0.800000011920929,0.8500000238418579,0.0
343827.png,0.0023784999007710208,-0.800000011920929,0.8500000238418579,0.0
343927.png,0.0006456975623449139,-0.800000011920929,0.8500000238418579,0.0
344027.png,0.0006245960424515313,-0.800000011920929,0.8500000238418579,0.0
344127.png,0.0005601795595665303,-0.800000011920929,0.8500000238418579,0.0
344227.png,0.0027149690924409687,-0.800000011920929,0.8500000238418579,0.0
344327.png,0.0009456602061267777,-0.800000011920929,0.8500000238418579,0.0
344427.png,0.0006651265196602655,-0.800000011920929,0.8500000238418579,0.0
344527.png,0.0006760382786433318,-0.800000011920929,0.8500000238418579,0.0
344627.png,0.00277089217415205,-0.800000011920929,0.8500000238418579,0.0
344727.png,0.0006925352088908454,-0.800000011920929,0.8500000238418579,0.0
344827.png,0.000961742973848699,-0.800000011920929,0.8500000238418579,0.0
344927.png,0.0006726149313011982,-0.800000011920929,0.8500000238418579,0.0
345027.png,0.00347743835950173,-0.800000011920929,0.8500000238418579,0.0
345127.png,0.0006615998565840236,-0.800000011920929,0.8500000238418579,0.0
345227.png,0.0007877738883625383,-0.800000011920929,0.8500000238418579,0.0
345327.png,0.0006428559512384657,-0.800000011920929,0.8500000238418579,0.0
345427.png,0.004359854928268961,-0.800000011920929,0.8500000238418579,0.0
345527.png,0.0014277161414674889,-0.800000011920929,0.8500000238418579,0.0
345627.png,0.0006937950630089781,-0.800000011920929,0.8500000238418579,0.0
345827.png,0.0035483888226089944,-0.800000011920929,0.8500000238418579,0.0
345727.png,0.0008399154656035734,-0.800000011920929,0.8500000238418579,0.0
346027.png,0.0006080131814567993,-0.800000011920929,0.8500000238418579,0.0
345927.png,0.002046347241963628,-0.800000011920929,0.8500000238418579,0.0
346127.png,0.0009125718083300092,-0.800000011920929,0.8500000238418579,0.0
346227.png,0.00045676664779704327,-0.800000011920929,0.8500000238418579,0.0
346327.png,0.0022724652825691343,-0.800000011920929,0.8500000238418579,0.0
346427.png,0.0006261161260953682,-0.800000011920929,0.8500000238418579,0.0
346527.png,0.0007350709239907878,-0.800000011920929,0.8500000238418579,0.0
346627.png,0.0004942235486437094,-0.800000011920929,0.8500000238418579,0.0
346727.png,0.0029996435724551434,-0.800000011920929,0.8500000238418579,0.0
346827.png,0.0008544208806856142,-0.800000011920929,0.8500000238418579,0.0
347027.png,0.0005499385363054282,-0.800000011920929,0.8500000238418579,0.0
346927.png,0.0006063203539773415,-0.800000011920929,0.8500000238418579,0.0
347127.png,0.0033257188663335744,-0.800000011920929,0.8500000238418579,0.0
347227.png,0.0008109592100249923,-0.800000011920929,0.8500000238418579,0.0
347327.png,0.0007526560649976822,-0.800000011920929,0.8500000238418579,0.0
347427.png,0.0008043663617431255,-0.800000011920929,0.8500000238418579,0.0
347527.png,0.004279394189083664,-0.800000011920929,0.8500000238418579,0.0
347627.png,0.0014498160179110251,-0.800000011920929,0.8500000238418579,0.0
347727.png,0.0006388588332548348,-0.800000011920929,0.8500000238418579,0.0
347827.png,0.0005836706432734236,-0.800000011920929,0.8500000238418579,0.0
347927.png,0.003993718606007952,-0.800000011920929,0.8500000238418579,0.0
348027.png,0.002175537826823428,-0.800000011920929,0.8500000238418579,0.0
348127.png,0.0006512945349546836,-0.800000011920929,0.8500000238418579,0.0
348227.png,0.0006470390838922075,-0.800000011920929,0.8500000238418579,0.0
348327.png,0.0006800609358408417,-0.800000011920929,0.8500000238418579,0.0
348427.png,0.002694517655542311,-0.800000011920929,0.8500000238418579,0.0
348527.png,0.00053444242778939,-0.800000011920929,0.8500000238418579,0.0
348627.png,0.0006903201140478655,-0.800000011920929,0.8500000238418579,0.0
348727.png,0.0006695923573409239,-0.800000011920929,0.8500000238418579,0.0
348827.png,0.002827968677438762,-0.800000011920929,0.8500000238418579,0.0
348927.png,0.0006202783357176112,-0.800000011920929,0.8500000238418579,0.0
349027.png,0.0006268626712516361,-0.800000011920929,0.8500000238418579,0.0
349127.png,0.0006579052136649238,-0.800000011920929,0.8500000238418579,0.0
349227.png,0.0034010196743133538,-0.800000011920929,0.8500000238418579,0.0
349327.png,0.0009029488670950406,-0.800000011920929,0.8500000238418579,0.0
349427.png,0.000747637003908911,-0.800000011920929,0.8500000238418579,0.0
349527.png,0.0005750602942860424,-0.800000011920929,0.8500000238418579,0.0
349627.png,0.004496148796224478,-0.800000011920929,0.8500000238418579,0.0
349727.png,0.0014021439663671796,-0.800000011920929,0.8500000238418579,0.0
349827.png,0.0006332299226415688,-0.800000011920929,0.8500000238418579,0.0
349927.png,0.000768849438412278,-0.800000011920929,0.8500000238418579,0.0
350027.png,0.0031953547726658042,-0.800000011920929,0.8500000238418579,0.0
350127.png,0.0022001454770840317,-0.800000011920929,0.8500000238418579,0.0
350227.png,0.0006832584507391416,-0.800000011920929,0.8500000238418579,0.0
350327.png,0.0006666640676133126,-0.800000011920929,0.8500000238418579,0.0
